xR,xEGF,xRa,xR2,xRP,xPLCg,xRPL,xRPLP,xPLCgP,xGrb,xRG,xSOS,xRGS,xGS,xShc,xRSh,xRShP,xShP,xRShG,xShG,xRShGS,xShGS,xPLCgPl
-0.59956974,-0.5995695,-17.405497,-30.295132,-3.6044958,-0.1785235,47.26685,-0.31775317,2.0060418,4.6457267,-3.067312,1.5784148,-0.9123803,-0.6660345,0.0,0.0,0.0,0.0,0.0,0.0,0.0,0.0,-48.795147
-0.60629135,-0.6062911,-17.308098,-30.079155,-3.513558,-0.0817217,46.696884,0.15681523,1.9642246,4.5886106,-3.0616946,1.557589,-0.91437244,-0.6543912,-0.007876253,0.018201418,-0.026772339,-0.031061362,0.008992405,0.021743733,0.003213718,0.007938886,-48.757683
-0.6018509,-0.6018507,-17.275166,-29.785915,-3.5555086,0.011691145,46.13738,0.6201418,1.8910391,4.5776725,-3.0555208,1.5300871,-0.9227296,-0.63249266,-0.0041730907,0.022148535,-0.04573123,-0.014134814,0.011673501,-0.0036640652,0.0066839205,0.018408038,-48.680473
-0.61467385,-0.6146736,-17.176746,-29.605007,-3.3819935,0.10620618,45.58382,1.0733322,1.8907638,4.5682416,-3.0421681,1.5276794,-0.92554206,-0.67501664,0.01263964,0.006997633,-0.044061113,-0.0669132,0.0076985275,-0.006046844,0.012436655,0.06039909,-48.67488
-0.5894269,-0.58942664,-17.197313,-29.266094,-3.4123397,0.19670716,45.037216,1.5268894,1.8595514,4.556937,-3.0469213,1.500224,-0.92556787,-0.63817775,0.019214064,-0.0056172838,-0.041867048,-0.039158538,-0.0010417502,-0.008730011,0.011403287,0.05209918,-48.63987
-0.5899802,-0.58997995,-17.126959,-28.957605,-3.3223152,0.28853732,44.49409,1.968789,1.8061419,4.5091248,-3.0523467,1.4712778,-0.9246908,-0.60997283,0.023807557,0.0004007956,-0.05141151,-0.065339945,0.0088451905,0.005575726,0.0059594465,0.057399277,-48.57624
-0.56942725,-0.569427,-17.107746,-28.748726,-3.1293921,0.3752388,43.965187,2.403993,1.7636108,4.5463557,-3.057973,1.4420406,-0.9253522,-0.64478767,0.015643552,0.01994582,-0.06750697,-0.07001886,0.0045454763,-0.05080407,0.0101657715,0.11789559,-48.529522
-0.569158,-0.5691578,-17.05514,-28.51383,-3.1245785,0.46155807,43.440617,2.8356586,1.7005446,4.5347505,-3.044523,1.4504309,-0.9314408,-0.6225478,0.018187396,0.010764775,-0.07352367,-0.042553425,0.0052000973,-0.044725187,0.0071512503,0.09638302,-48.4617
-0.57741505,-0.5774148,-17.083466,-28.254242,-3.1249576,0.54699355,42.926823,3.2546923,1.6870012,4.507208,-3.0436516,1.4088359,-0.93072796,-0.63474166,0.021728903,0.0038941647,-0.054079775,-0.09550357,0.0073186588,-0.06163492,0.00079232274,0.15582657,-48.438065
-0.60336626,-0.603366,-16.911188,-27.975733,-3.1170304,0.63491476,42.41527,3.6657102,1.7025558,4.4533763,-3.039561,1.403626,-0.9328645,-0.6208527,0.026914505,-0.00127416,-0.054646663,-0.13610357,0.010534643,-0.020270035,-0.0007878519,0.15086834,-48.439613
-0.60844356,-0.6084433,-16.86378,-27.672028,-3.1287909,0.72258866,41.903927,4.0808764,1.6800718,4.4639645,-3.0321825,1.3992275,-0.9336682,-0.6166475,0.0420672,-0.026103584,-0.04075069,-0.1288603,0.0056674825,-0.037830684,0.0018425699,0.1492554,-48.40785
-0.6059745,-0.6059742,-16.793436,-27.415264,-3.042642,0.80086946,41.40623,4.4852743,1.6506498,4.414071,-3.026519,1.3962395,-0.9381275,-0.61400676,0.061499875,-0.039860677,-0.055273023,-0.16069582,0.0019119398,0.007192279,-0.00120205,0.15713628,-48.362938
-0.60753936,-0.6075391,-16.801384,-27.115433,-2.948935,0.8838302,40.91533,4.875347,1.6315867,4.442015,-3.0329647,1.3756145,-0.940567,-0.619516,0.06290822,-0.03647307,-0.043850012,-0.16891086,-0.0061538178,-0.02700707,0.0014031497,0.18311949,-48.327106
-0.59407,-0.5940698,-16.758772,-26.904436,-2.857141,0.9610338,40.433422,5.257451,1.6467407,4.409093,-3.028858,1.3489904,-0.9395999,-0.61435425,0.06690197,-0.03197434,-0.04816467,-0.1973107,-0.0071113724,-0.024063054,0.0060800635,0.1989532,-48.318867
-0.5842213,-0.58422107,-16.69637,-26.607819,-2.7615001,1.041605,39.952484,5.6384616,1.6773212,4.416337,-3.0346463,1.2811307,-0.9320626,-0.6151289,0.06156823,-0.020223953,-0.038878813,-0.20176551,-0.015092127,-0.08541612,0.004827204,0.26129487,-48.330685
-0.5747041,-0.5747039,-16.67092,-26.32233,-2.8097746,1.1211373,39.475327,6.018252,1.6453187,4.416474,-3.0332053,1.2634816,-0.93775266,-0.5788506,0.060193002,-0.009572916,-0.050530102,-0.16920866,-0.015343386,-0.104268365,0.0055748513,0.24759811,-48.285122
-0.5664899,-0.56648964,-16.584246,-26.084759,-2.7524927,1.1979065,39.009422,6.386281,1.6567254,4.3736734,-3.0356026,1.2835019,-0.9366144,-0.5215552,0.06507783,-0.016281616,-0.05108846,-0.14735009,-0.0076045697,-0.046762142,0.008337602,0.16639483,-48.27695
-0.5628495,-0.5628493,-16.493473,-25.854374,-2.6687264,1.2758994,38.546165,6.751631,1.6338053,4.378701,-3.0379505,1.2688339,-0.92956245,-0.56288075,0.06635165,-0.016483333,-0.052673716,-0.17207655,-0.017072238,-0.054704253,0.013534591,0.21015906,-48.231056
-0.5656965,-0.5656962,-16.3554,-25.619423,-2.6938207,1.3505046,38.089424,7.108315,1.6358652,4.3534517,-3.0449421,1.2376146,-0.9282607,-0.5826072,0.05730837,-0.009614547,-0.053448472,-0.2216098,-0.018489618,-0.052347947,0.010628405,0.26270267,-48.208267
-0.5882011,-0.58820087,-16.28369,-25.387589,-2.5898442,1.4233363,37.64067,7.46208,1.6158857,4.304929,-3.0391088,1.2345567,-0.9216167,-0.5419493,0.06352451,-0.017002549,-0.038172804,-0.22835132,-0.02466863,-0.0066576046,0.013227714,0.21584015,-48.1643
-0.56052965,-0.5605294,-16.299047,-25.170902,-2.543414,1.4960223,37.193,7.8152804,1.6218195,4.2881684,-3.037025,1.2339673,-0.92671907,-0.5367713,0.08439262,-0.04645455,-0.04243494,-0.22386974,-0.025643226,0.008497656,0.0182051,0.21135531,-48.149963
-0.56732357,-0.5673234,-16.163124,-24.906784,-2.5203629,1.5694103,36.750053,8.158756,1.6199924,4.266861,-3.0359542,1.2081064,-0.92851585,-0.5389055,0.09068135,-0.052206937,-0.038027905,-0.25039485,-0.018082893,-0.0046600224,0.015462837,0.24390459,-48.12161
-0.5593074,-0.55930716,-16.038382,-24.832579,-2.4694247,1.6395795,36.320522,8.494973,1.5889688,4.251902,-3.03976,1.193493,-0.9215575,-0.5569215,0.097800285,-0.040578913,-0.059759595,-0.27904648,-0.016292868,-0.0023032392,0.015666207,0.26934984,-48.068077
-0.55455816,-0.5545579,-15.963051,-24.627747,-2.4055824,1.7098086,35.89444,8.822752,1.5823988,4.1878214,-3.0364246,1.1496744,-0.9283651,-0.5224428,0.101439655,-0.039269708,-0.063828245,-0.31195813,-0.009366959,0.007607242,0.010511152,0.2906375,-48.036247
-0.5707801,-0.57077986,-15.876112,-24.477814,-2.3127449,1.7754266,35.46951,9.150803,1.6504565,4.1436644,-3.0455008,1.1233504,-0.9239097,-0.51375824,0.10501041,-0.03525242,-0.07474297,-0.34325838,-0.005432238,0.030408503,0.0064303493,0.3078773,-48.073914
-0.5621568,-0.5621566,-15.824749,-24.327011,-2.2687776,1.8420546,35.05411,9.468105,1.6482003,4.1650543,-3.0492692,1.1091548,-0.9193388,-0.5263099,0.110980146,-0.03613683,-0.096786335,-0.30742228,-0.022264956,0.015333399,0.008800364,0.32767692,-48.03857
-0.56073356,-0.5607333,-15.764662,-24.155064,-2.1374478,1.9079086,34.644745,9.774546,1.6282015,4.154299,-3.0473237,1.0811607,-0.9122857,-0.51047075,0.117894955,-0.043704838,-0.10757958,-0.28614742,-0.03681369,0.010656805,0.010635984,0.33094332,-47.98435
-0.55018467,-0.5501844,-15.748583,-23.99862,-2.0078561,1.9789729,34.22662,10.097602,1.6333368,4.088747,-3.0381737,1.0338442,-0.9197559,-0.47929388,0.12077999,-0.05209352,-0.09497124,-0.3265455,-0.0359528,0.018728616,0.0052546663,0.35992253,-47.966175
-0.5405157,-0.5405155,-15.555513,-23.912355,-1.8400931,2.0434766,33.826717,10.406374,1.6349721,4.059866,-3.0418825,1.0414011,-0.9204186,-0.45309106,0.12114489,-0.052144323,-0.099136546,-0.32814643,-0.029840557,0.05285857,-0.00023572009,0.33230034,-47.938534
-0.5385676,-0.53856736,-15.444197,-23.783419,-1.7895045,2.103673,33.43183,10.709022,1.6757745,4.047267,-3.038954,1.001066,-0.9232152,-0.42433697,0.12556355,-0.054791544,-0.111223355,-0.31054926,-0.03317093,0.025591392,0.0039179316,0.34253135,-47.949604
-0.533911,-0.53391075,-15.280111,-23.53226,-1.8650479,2.1699002,33.03667,11.006187,1.7028024,4.0590734,-3.0191789,1.0255624,-0.93259853,-0.4475488,0.12091755,-0.05267206,-0.10424261,-0.3170146,-0.02710118,0.012501742,0.0067612296,0.34781608,-47.94332
-0.5378468,-0.53784657,-15.279499,-23.44832,-1.6071134,2.2300797,32.652916,11.3020735,1.682497,4.0425787,-3.0156827,1.0123326,-0.93006206,-0.47686684,0.12832616,-0.04404329,-0.12027639,-0.35738716,-0.031599935,0.016742356,0.0008696029,0.39373282,-47.895115
-0.53340167,-0.53340137,-15.221002,-23.1858,-1.6441754,2.2921453,32.273804,11.585388,1.6937749,4.020361,-3.0182476,0.993374,-0.92803,-0.45993313,0.1317556,-0.041395146,-0.117719755,-0.37476653,-0.02036212,0.011360846,0.0052452045,0.38935643,-47.874546
-0.53073716,-0.5307369,-15.156171,-23.065832,-1.5895572,2.351421,31.904497,11.857102,1.6855403,4.05383,-3.024269,0.9666012,-0.929526,-0.43815643,0.12792516,-0.04108211,-0.1100947,-0.33505958,-0.023635836,-0.039567046,0.009111121,0.39199165,-47.827644
-0.55253136,-0.55253106,-15.132383,-22.883495,-1.5943296,2.4093933,31.53678,12.136558,1.6899941,3.9771104,-3.016152,0.94398564,-0.9332831,-0.41359526,0.13506462,-0.050111912,-0.10959755,-0.38470203,-0.020998431,0.0037112767,0.009308595,0.39362723,-47.80385
-0.5663082,-0.56630796,-15.151074,-22.577513,-1.6831338,2.4678638,31.16826,12.412235,1.7204094,3.9599075,-3.0136056,0.9321749,-0.9307975,-0.4676571,0.13267978,-0.055825368,-0.10918652,-0.4422693,-0.02030843,0.005926085,0.013856504,0.45246807,-47.80043
-0.5614879,-0.5614877,-15.168466,-22.249817,-1.7384878,2.5233908,30.805538,12.678397,1.6874027,3.9531162,-3.0127215,0.9760171,-0.9305627,-0.4659264,0.13343403,-0.065222695,-0.09009447,-0.45738304,-0.028343655,0.063711725,0.017398328,0.40310946,-47.727367
-0.5591486,-0.5591484,-15.11595,-22.105555,-1.6833146,2.5818555,30.443707,12.944,1.6772116,3.9465861,-3.0154607,0.9302684,-0.9313416,-0.4300797,0.12377326,-0.053048264,-0.08422532,-0.43951786,-0.024119755,0.023077365,0.015238466,0.41597193,-47.68121
-0.5742186,-0.5742184,-15.065185,-21.93069,-1.6970088,2.6394792,30.093454,13.202116,1.6863483,3.9501777,-3.0074525,0.96803343,-0.9326011,-0.4395967,0.1260086,-0.05012671,-0.08850784,-0.44553286,-0.01943079,0.044592068,0.016062936,0.38817778,-47.65766
-0.5717379,-0.57173765,-15.05154,-21.7707,-1.7059828,2.6954868,29.741604,13.455667,1.706399,3.9408746,-2.9997363,0.9717709,-0.93109673,-0.40991288,0.12725152,-0.046456177,-0.081932075,-0.4216778,-0.03401055,0.06455178,0.020268312,0.34905887,-47.635696
-0.5812858,-0.58128554,-14.957634,-21.687546,-1.671277,2.7505343,29.394806,13.703353,1.7258034,3.930288,-2.9987617,0.9364908,-0.93415344,-0.39319518,0.1208257,-0.048596334,-0.0751272,-0.41340625,-0.030840486,0.035749625,0.021508766,0.36945346,-47.612793
-0.59263504,-0.59263486,-14.877025,-21.470215,-1.6925765,2.8031006,29.055994,13.946005,1.7423153,3.9185026,-2.9932282,0.94789094,-0.93049127,-0.3723238,0.11608814,-0.034633562,-0.08479998,-0.3915183,-0.035905167,0.058469128,0.019981809,0.33506343,-47.589584
-0.5646832,-0.56468296,-14.915279,-21.257881,-1.5730424,2.8535964,28.719255,14.191033,1.7196088,3.9425235,-2.994579,0.97181374,-0.92945075,-0.3781973,0.11400702,-0.034426667,-0.0930636,-0.36322287,-0.029621314,0.053450886,0.024526559,0.31143343,-47.52906
-0.5705513,-0.57055104,-14.847664,-21.013231,-1.6636362,2.9048696,28.3899,14.423358,1.772647,3.8897703,-2.9872355,0.9583854,-0.9258089,-0.38277575,0.10475398,-0.026481748,-0.09296217,-0.41324505,-0.026400205,0.08225414,0.024779176,0.32554725,-47.53795
-0.5906414,-0.59064114,-14.758161,-20.82051,-1.5596023,2.957247,28.060804,14.657146,1.7646414,3.8813884,-2.9843073,0.9510177,-0.92563266,-0.3833152,0.1170773,-0.022179604,-0.09656497,-0.43645406,-0.024430584,0.07841521,0.022024317,0.33604077,-47.489037
-0.6075756,-0.60757536,-14.710171,-20.615297,-1.5081643,3.0071068,27.7356,14.88373,1.7800816,3.8610175,-2.9816198,0.95844775,-0.92081434,-0.3445557,0.115683004,-0.013309388,-0.09237988,-0.4368985,-0.017982395,0.09707427,0.01960681,0.28744859,-47.45859
-0.6107027,-0.6107024,-14.627243,-20.445045,-1.5733197,3.0536628,27.422411,15.110915,1.759491,3.8703048,-2.981534,0.945017,-0.92207927,-0.39835775,0.11431156,-0.012325616,-0.07806813,-0.49059695,-0.02208494,0.07836423,0.018412355,0.3571456,-47.400555
-0.61888695,-0.6188867,-14.493256,-20.254114,-1.5743037,3.1030014,27.109533,15.324007,1.747714,3.8316662,-2.9830773,0.9410875,-0.91588914,-0.4218706,0.111814275,-0.024115516,-0.06878917,-0.5467909,-0.018674815,0.11122144,0.019857418,0.37696669,-47.341373
-0.61524105,-0.6152408,-14.4898615,-20.00566,-1.6087292,3.1531422,26.798334,15.536838,1.7467135,3.8133178,-2.981258,0.9330877,-0.9157525,-0.4238578,0.10653808,-0.011493044,-0.08477994,-0.5552082,-0.011934181,0.11304656,0.0132078305,0.39348418,-47.2927
-0.60435945,-0.6043592,-14.449017,-19.840118,-1.6082113,3.1997342,26.495117,15.743955,1.7889907,3.8109975,-2.986181,0.9292177,-0.91420585,-0.3888529,0.110396266,-0.009757833,-0.07388593,-0.54809046,-0.012410032,0.11688748,0.0077893,0.36624545,-47.286865
-0.60844296,-0.60844266,-14.407294,-19.711514,-1.5866014,3.2483802,26.188503,15.9486,1.8021835,3.7824094,-2.9956384,0.90931034,-0.9136149,-0.3393733,0.10427968,-0.0003523341,-0.06741096,-0.55431587,-0.008604757,0.13116887,0.00529683,0.33859628,-47.248
-0.6149817,-0.6149815,-14.231894,-19.67474,-1.5431957,3.2952409,25.888046,16.153393,1.8788235,3.7639632,-2.9943326,0.9122482,-0.9151624,-0.27561757,0.10418836,0.007027851,-0.07308159,-0.51384443,-0.0027583693,0.14537731,0.0050387043,0.27372432,-47.277023
-0.5763701,-0.5763699,-14.232275,-19.555075,-1.5084051,3.3382816,25.600445,16.35246,1.8747362,3.7501404,-2.9916346,0.9261048,-0.90856904,-0.28480545,0.10265167,0.0065301517,-0.06474189,-0.527651,-0.009764808,0.177379,0.004007275,0.2635026,-47.227795
-0.5562953,-0.55629504,-14.201856,-19.348028,-1.5604608,3.3834453,25.31008,16.54579,1.904415,3.7128234,-2.9912176,0.8992119,-0.9176961,-0.28265387,0.10088389,0.0091588255,-0.042772982,-0.5915556,-0.010704644,0.18830241,0.0022877664,0.2991027,-47.20353
-0.55186236,-0.5518621,-14.133287,-19.20449,-1.4875051,3.4221716,25.021639,16.747782,1.9314878,3.7388792,-3.004106,0.8865981,-0.91618985,-0.27416414,0.10103218,0.000582202,-0.035126768,-0.5631009,-0.01569907,0.16746448,-0.002416993,0.306437,-47.18372
-0.5562198,-0.5562196,-14.055038,-19.0693,-1.4141982,3.4637885,24.736124,16.94482,1.9286624,3.7607603,-3.0015643,0.87206805,-0.9108592,-0.27344918,0.09957337,0.005093716,-0.03746834,-0.5401124,-0.014198596,0.126953,-0.004751911,0.31727323,-47.136047
-0.5491563,-0.5491561,-14.020069,-18.727367,-1.5988442,3.5032544,24.456144,17.142097,1.9772425,3.7792025,-3.0025048,0.88312215,-0.9117808,-0.30877098,0.10262638,0.00835457,-0.0383188,-0.560234,-0.018768175,0.12501144,-0.0008524123,0.3385776,-47.14792
-0.53165805,-0.5316578,-14.018039,-18.577381,-1.4731619,3.5443673,24.177849,17.320683,1.993629,3.8038368,-2.991522,0.85893476,-0.9211559,-0.29303893,0.10898698,-0.001364718,-0.03346705,-0.5239358,-0.0095523605,0.055975102,0.0021886618,0.3533734,-47.107315
-0.50910026,-0.5091,-14.060135,-18.382946,-1.4399953,3.5840006,23.90503,17.49277,2.0113244,3.8525012,-2.9979312,0.8264457,-0.9206813,-0.27569008,0.101778634,0.00045761408,-0.038994357,-0.45306787,-0.016017351,-0.012357268,0.008341126,0.36190552,-47.063572
-0.5036555,-0.50365525,-13.895144,-18.279339,-1.4429424,3.6244323,23.638367,17.666561,2.0398388,3.8601887,-3.0023026,0.798933,-0.9214659,-0.27169162,0.1141814,-0.026921187,-0.02612922,-0.4460588,-0.013416616,-0.0458076,0.008027943,0.3865173,-47.04009
-0.5055336,-0.50553334,-13.781909,-18.20203,-1.3917315,3.6613233,23.371387,17.844248,2.0216508,3.896381,-2.999612,0.76976764,-0.9196703,-0.2702134,0.11496442,-0.03795299,-0.022111418,-0.40738103,-0.011875012,-0.115450375,0.0049931407,0.41541764,-46.969406
-0.48709422,-0.48709399,-13.783335,-18.065365,-1.318358,3.7022285,23.101772,18.02213,2.055932,3.885298,-2.9903908,0.7500198,-0.925527,-0.26954332,0.10304705,-0.022429414,-0.039757475,-0.40462577,-0.012569765,-0.13255394,0.0013908476,0.44393092,-46.95719
-0.48312902,-0.4831288,-13.751621,-18.010805,-1.1674329,3.7453513,22.836773,18.181744,2.073391,3.8463025,-2.9832988,0.7240972,-0.9325446,-0.2442441,0.09968621,-0.020538846,-0.039491065,-0.41749233,-0.028312312,-0.11072033,0.0029255245,0.4500529,-46.910606
-0.49952227,-0.49952203,-13.697118,-17.842327,-1.1751877,3.7815905,22.581427,18.343428,2.1025212,3.8400397,-2.983027,0.7070041,-0.93588555,-0.20383868,0.10530872,-0.0150350705,-0.04336218,-0.40217832,-0.026889548,-0.1231526,-0.0013091268,0.43433228,-46.8817
-0.4898268,-0.48982656,-13.687129,-17.621548,-1.2628686,3.8210082,22.32191,18.511103,2.1089144,3.8075974,-2.96529,0.7109963,-0.93628615,-0.21740146,0.09879242,-0.015033998,-0.05193097,-0.42005342,-0.035993695,-0.09532939,0.00077110855,0.44223905,-46.83587
-0.5142662,-0.51426595,-13.506362,-17.538233,-1.1859249,3.85877,22.069294,18.669682,2.1173317,3.8085594,-2.9725387,0.6836685,-0.9309137,-0.20665783,0.09960802,-0.012036003,-0.05458967,-0.4092459,-0.047845468,-0.104491025,0.0019404734,0.4523033,-46.78834
-0.53051615,-0.5305159,-13.3970995,-17.351114,-1.2785195,3.8927782,21.82324,18.82801,2.1462448,3.8021216,-2.9875736,0.672802,-0.93070287,-0.20099106,0.10044732,-0.0030023272,-0.051102556,-0.43621862,-0.05558627,-0.086092114,-0.0017510743,0.4609689,-46.763866
-0.5118785,-0.5118782,-13.308205,-17.293823,-1.1632532,3.9294767,21.579962,18.977737,2.2026272,3.8029063,-2.9822292,0.6779073,-0.9319337,-0.20032254,0.104197696,-0.021768207,-0.029288733,-0.43150312,-0.05315195,-0.08956948,-0.0036140503,0.45830357,-46.760605
-0.5012722,-0.50127196,-13.2785635,-17.20496,-1.0960603,3.96682,21.329428,19.1413,2.2343354,3.7819371,-2.9775176,0.65991086,-0.93438554,-0.18131024,0.112246245,-0.028992694,-0.03376308,-0.4326831,-0.03548315,-0.1089815,-0.010769252,0.46690768,-46.744698
-0.49667725,-0.49667698,-13.233145,-17.094585,-1.0294813,3.9949834,21.098698,19.291931,2.2806003,3.7524471,-2.97436,0.650247,-0.9328736,-0.17446011,0.12035845,-0.034136165,-0.037829146,-0.45205247,-0.02701443,-0.10082063,-0.011349296,0.46880186,-46.742905
-0.47355974,-0.4735595,-13.248908,-16.961138,-0.97419107,4.028829,20.858618,19.432293,2.29023,3.7344282,-2.981272,0.633583,-0.92938864,-0.16954482,0.1254451,-0.043130763,-0.045878097,-0.4509021,-0.036672708,-0.082893685,-0.012846742,0.4785741,-46.688385
-0.46047837,-0.46047813,-13.258316,-16.717703,-1.1232594,4.065853,20.619484,19.579483,2.2831368,3.726327,-2.9804945,0.6057117,-0.9251336,-0.21063793,0.116416186,-0.039134488,-0.056328192,-0.47445235,-0.015160117,-0.12494739,-0.013652401,0.544085,-46.626892
-0.47217643,-0.47217616,-13.106422,-16.583412,-1.0607886,4.09956,20.39405,19.710936,2.3001301,3.6816201,-2.977645,0.6159874,-0.93066907,-0.1902169,0.12025414,-0.033931065,-0.05608169,-0.50528604,-0.010657189,-0.0773451,-0.013834316,0.5190903,-46.584816
-0.4728828,-0.47288257,-13.022936,-16.488113,-1.1082041,4.131613,20.165546,19.845783,2.3567834,3.6577606,-2.9688842,0.59559226,-0.9223728,-0.19898933,0.11974347,-0.026328383,-0.07509807,-0.5121131,-0.011675958,-0.0815962,-0.0113095315,0.5374143,-46.579468
-0.4803328,-0.48033255,-12.945757,-16.420444,-1.1174462,4.160848,19.945286,19.975204,2.3915732,3.6423776,-2.9675498,0.5685284,-0.919452,-0.1670872,0.12223357,-0.042819776,-0.06916844,-0.4778338,-0.0069786534,-0.099348664,-0.010078486,0.5284161,-46.55394
-0.49490374,-0.4949035,-12.84947,-16.284943,-1.120289,4.1921873,19.723501,20.105007,2.4165778,3.623467,-2.9722545,0.5571294,-0.91576743,-0.15710285,0.122524455,-0.04031018,-0.064627536,-0.48872718,-0.015800022,-0.07839197,-0.010088393,0.52615523,-46.51645
-0.49616677,-0.49616653,-12.81118,-16.025517,-1.1769152,4.224426,19.502232,20.23869,2.4146237,3.6276727,-2.9645662,0.5541612,-0.923159,-0.12510887,0.124753445,-0.04045119,-0.059440754,-0.46439332,-0.02013513,-0.08898289,-0.016475732,0.5109024,-46.457268
-0.5076673,-0.50766706,-12.730009,-15.849953,-1.2055525,4.2560234,19.282421,20.364582,2.4373193,3.6511517,-2.958197,0.59524375,-0.9218339,-0.15468314,0.11984225,-0.02150938,-0.07016966,-0.46507654,-0.023754999,-0.07415308,-0.0170811,0.49866384,-46.41754
-0.5106201,-0.5106199,-12.754124,-15.616772,-1.1340401,4.28469,19.072239,20.484259,2.4744353,3.6585488,-2.9637036,0.5700946,-0.9198967,-0.14034857,0.11400126,-0.029226184,-0.060886487,-0.44269562,-0.019146282,-0.10580896,-0.018679667,0.5091316,-46.394806
-0.50924104,-0.5092408,-12.770549,-15.464091,-1.1762872,4.3141737,18.855272,20.602024,2.5115952,3.630907,-2.9692726,0.5595702,-0.9132623,-0.08508426,0.104576275,-0.015752118,-0.075914636,-0.40607196,-0.0121768415,-0.09007746,-0.015641874,0.4547151,-46.36357
-0.5094281,-0.50942785,-12.76831,-15.263933,-1.2305012,4.339365,18.652527,20.722652,2.5300674,3.5876546,-2.9686341,0.5772222,-0.91458297,-0.075557075,0.10591478,-0.012933729,-0.07160913,-0.45234552,-0.016502267,-0.025457047,-0.016032752,0.42924392,-46.32511
-0.48583233,-0.4858321,-12.799774,-15.067166,-1.344152,4.3681192,18.445269,20.848778,2.5139563,3.5428276,-2.9658642,0.5688289,-0.91807675,-0.07886314,0.10432785,-0.012328787,-0.07554437,-0.48716623,-0.023113322,0.014900142,-0.01035444,0.43875486,-46.2584
-0.4822834,-0.48228315,-12.784115,-14.95192,-1.3156338,4.393417,18.248402,20.960382,2.524274,3.4920526,-2.9619746,0.5507002,-0.91553223,-0.062054694,0.10886122,-0.010562697,-0.069214836,-0.5240455,-0.023322271,0.043940555,-0.009461604,0.43663836,-46.209023
-0.49440885,-0.4944086,-12.723993,-14.911563,-1.2263874,4.420806,18.047459,21.075718,2.5508947,3.4495234,-2.9659393,0.5360604,-0.9175608,-0.06272527,0.1035281,-0.0040190914,-0.073872276,-0.56974345,-0.013908237,0.06643673,-0.004327801,0.44884425,-46.17942
-0.4765364,-0.47653615,-12.700518,-14.821257,-1.065623,4.446295,17.85384,21.1792,2.5684571,3.4619765,-2.9593482,0.5527213,-0.92234015,-0.06772212,0.108926594,-0.0351805,-0.06801226,-0.5434697,-0.020764899,0.07093301,-0.0029582498,0.440575,-46.133194
-0.49905905,-0.4990588,-12.54262,-14.792713,-1.0654951,4.4719753,17.659668,21.281965,2.5781307,3.444871,-2.9536047,0.5702651,-0.9282014,-0.07226717,0.10644257,-0.01871175,-0.0854522,-0.56343675,-0.012829328,0.09186684,-0.005456093,0.43591505,-46.079895
-0.48878685,-0.48878658,-12.515589,-14.594259,-1.0730782,4.499679,17.466404,21.383915,2.6073833,3.401945,-2.9359074,0.5733564,-0.92999446,-0.07345124,0.1175693,-0.032547414,-0.08127327,-0.593222,-0.007608243,0.11497106,-0.007489104,0.43785644,-46.046646
-0.49629676,-0.4962965,-12.431393,-14.5566025,-0.95539033,4.524745,17.275265,21.484585,2.6579757,3.3566537,-2.9342728,0.58406293,-0.9283725,-0.110582545,0.12555987,-0.038977835,-0.081966326,-0.66973865,-0.0020189984,0.16372252,-0.01196936,0.46715838,-46.03194
-0.48855332,-0.4885531,-12.392813,-14.412714,-0.922334,4.550456,17.087463,21.581299,2.664881,3.3477278,-2.9388313,0.57731456,-0.92702055,-0.04868037,0.12322975,-0.039832093,-0.088699505,-0.60675746,0.013513435,0.15495127,-0.017876854,0.41656935,-45.97048
-0.4729812,-0.47298098,-12.325587,-14.303852,-0.9792838,4.574297,16.902046,21.677866,2.7128212,3.3584049,-2.9365716,0.5738709,-0.9246428,-0.07012553,0.117529586,-0.039345946,-0.08924331,-0.6149862,0.012927283,0.13916698,-0.017171506,0.43838894,-45.95059
-0.49463677,-0.49463654,-12.215956,-14.256996,-0.9164674,4.5964,16.723515,21.767803,2.763413,3.3374164,-2.930204,0.5874555,-0.925433,-0.04742728,0.1197297,-0.038941026,-0.082745604,-0.6174481,0.009523898,0.17075077,-0.010961989,0.3966971,-45.93643
-0.49705094,-0.4970507,-12.174534,-14.181455,-0.73986864,4.6202297,16.547367,21.86341,2.7801752,3.332276,-2.922843,0.5859176,-0.928166,-0.04813095,0.11199309,-0.030306563,-0.08691366,-0.61331654,0.011201947,0.1652906,-0.012877739,0.40358204,-45.895813
-0.49905193,-0.49905166,-12.106148,-14.04146,-0.74857247,4.644749,16.36876,21.950508,2.7757692,3.3355265,-2.9305391,0.59322846,-0.92213905,-0.03862966,0.106563605,-0.01825791,-0.116558224,-0.5830251,0.009444035,0.17866468,-0.009749545,0.3776048,-45.820885
-0.5056666,-0.5056664,-12.080512,-13.922779,-0.79207444,4.667558,16.188091,22.046703,2.8146045,3.3455033,-2.9295204,0.57229733,-0.9161105,-0.07282658,0.10417863,-0.020965463,-0.12365599,-0.58617854,0.0062410245,0.14984646,-0.0034325887,0.42037937,-45.800583
-0.5031122,-0.50311196,-11.991032,-13.90199,-0.71316314,4.6891527,16.012125,22.132008,2.8220854,3.3376412,-2.9344296,0.58354735,-0.9131384,-0.10188593,0.10868124,-0.028190278,-0.12808889,-0.6084446,0.008972663,0.17109641,0.0014648141,0.4303329,-45.73955
-0.49783248,-0.49783224,-11.874477,-14.06213,-0.38664615,4.714313,15.838963,22.218006,2.8387947,3.2792563,-2.9419787,0.554955,-0.9055178,-0.08883879,0.094815135,-0.018285464,-0.1404975,-0.6313659,0.0051564127,0.21229951,0.0051452136,0.43458262,-45.69634
-0.5267922,-0.526792,-11.76975,-13.97591,-0.34759805,4.733469,15.675097,22.30152,2.8778734,3.2765403,-2.94619,0.55043286,-0.9025941,-0.15403436,0.09429645,-0.010664583,-0.13986164,-0.71819663,0.006276197,0.21351767,0.0035996253,0.5029269,-45.67406
-0.5216203,-0.52162004,-11.7471895,-13.891614,-0.29760957,4.7534313,15.5161,22.372536,2.876307,3.3083858,-2.9533386,0.5163006,-0.9040701,-0.15529989,0.09687032,-0.02377686,-0.117054954,-0.70328045,0.0011569633,0.15977088,0.0044750487,0.53894126,-45.604862
-0.53145814,-0.5314579,-11.704774,-13.74073,-0.33841863,4.779547,15.348945,22.444115,2.868598,3.280914,-2.9534597,0.52499264,-0.9017705,-0.15932989,0.093503594,-0.022181375,-0.10108227,-0.7417291,0.0017010233,0.19543144,0.0033836726,0.53308916,-45.530632
-0.5510743,-0.5510741,-11.648102,-13.678766,-0.28675818,4.796684,15.193627,22.51498,2.8679783,3.2473152,-2.9479153,0.54760194,-0.90319675,-0.17084967,0.09617378,-0.025615443,-0.097917974,-0.7957384,-0.002501282,0.25024286,0.005171909,0.5216545,-45.462353
-0.5458215,-0.54582125,-11.538437,-13.609607,-0.25840393,4.819281,15.029264,22.5902,2.91293,3.233602,-2.9349499,0.5327565,-0.90450656,-0.16978452,0.096039236,-0.014835039,-0.11329343,-0.792447,0.003772085,0.22975716,0.005607961,0.5363155,-45.44008
-0.5512478,-0.5512475,-11.554487,-13.451267,-0.30233198,4.8384495,14.871752,22.6611,2.8881066,3.2269375,-2.9305387,0.5098514,-0.9016283,-0.1354467,0.108693734,-0.025428897,-0.09936891,-0.77458084,0.004752487,0.2080891,0.00092311035,0.52670753,-45.348007
-0.53819644,-0.53819615,-11.549984,-13.320904,-0.28223562,4.855682,14.715728,22.731886,2.918618,3.2072163,-2.929137,0.48442453,-0.90285766,-0.16017163,0.11801526,-0.032375205,-0.09927324,-0.812101,0.0024426791,0.20318164,0.0016373339,0.57739824,-45.31393
-0.5290058,-0.5290056,-11.572035,-13.227576,-0.28198314,4.876936,14.561096,22.794798,2.9564414,3.2080011,-2.9197307,0.45477167,-0.89814436,-0.1546038,0.10828251,-0.026762657,-0.0878519,-0.80492,0.0007790908,0.16491431,0.006109679,0.59229755,-45.28672
-0.55762184,-0.5576216,-11.448431,-13.216496,-0.25282988,4.895919,14.406338,22.863409,2.9787192,3.1934743,-2.914014,0.45772135,-0.9006836,-0.1304006,0.11740336,-0.046556666,-0.09290568,-0.78075695,0.00831724,0.16909432,0.011627241,0.5621639,-45.242573
-0.547435,-0.54743475,-11.484038,-13.053971,-0.38187802,4.9118166,14.260321,22.92039,3.014872,3.1907527,-2.9092398,0.50788754,-0.9017194,-0.11617388,0.11458113,-0.043494776,-0.10747414,-0.74850357,0.0037294934,0.22176169,0.0073780096,0.5030704,-45.204018
-0.5224067,-0.5224064,-11.462141,-12.944352,-0.4446741,4.9306498,14.113461,22.978611,3.0318236,3.1418872,-2.902162,0.4961054,-0.9049794,-0.14701496,0.106248535,-0.02773183,-0.11471333,-0.8258809,0.009055511,0.2464192,0.00751358,0.5488296,-45.150486
-0.5122374,-0.5122372,-11.42806,-12.834145,-0.43971807,4.9522295,13.965351,23.03606,3.066451,3.0984004,-2.8936417,0.4940377,-0.91029257,-0.12373356,0.09112922,-0.02167425,-0.10529709,-0.8381156,0.016346235,0.2720324,0.008280944,0.5321843,-45.114807
-0.49289596,-0.49289572,-11.468873,-12.73627,-0.38319707,4.966605,13.819512,23.09338,3.0500698,3.0864437,-2.8944597,0.50069034,-0.9120794,-0.10178751,0.09786856,-0.02708506,-0.12167322,-0.80884504,0.018847581,0.2889672,0.009617963,0.5040448,-45.02571
-0.49248487,-0.49248466,-11.397469,-12.665318,-0.35162932,4.982282,13.680325,23.14899,3.066522,3.1392329,-2.9003377,0.46054628,-0.9073293,-0.12735265,0.093181685,-0.027456813,-0.11809996,-0.7801052,0.02091247,0.19982463,0.015441608,0.55918914,-44.974823
-0.50534505,-0.5053448,-11.291616,-12.509515,-0.43019468,4.999775,13.538946,23.20827,3.0789855,3.17245,-2.9023635,0.44407362,-0.90973586,-0.14660792,0.09619104,-0.0322422,-0.12105656,-0.7759001,0.010610128,0.16238184,0.015295904,0.59747577,-44.919254
-0.519766,-0.5197658,-11.250189,-12.34705,-0.6184132,5.0180264,13.396638,23.262634,3.1175182,3.2052464,-2.9028637,0.4412836,-0.903713,-0.16814165,0.0915133,-0.034618285,-0.12950568,-0.7440946,0.008678453,0.12930219,0.013357869,0.61770403,-44.88694
-0.5017121,-0.50171185,-11.200829,-12.365582,-0.55551803,5.0300965,13.261538,23.321487,3.1274767,3.2063544,-2.907436,0.4428709,-0.8975125,-0.1505952,0.0899711,-0.029881487,-0.13807888,-0.7130122,0.013268515,0.12977856,0.012220002,0.59350425,-44.831596
-0.5106247,-0.51062447,-11.176935,-12.193322,-0.6584812,5.0414414,13.13234,23.372303,3.1748323,3.2030559,-2.9069207,0.47594982,-0.8926355,-0.10921991,0.08019221,-0.018296495,-0.13568477,-0.6730098,-0.0018910606,0.18083547,0.012517209,0.51387113,-44.809097
-0.48643246,-0.48643222,-11.210034,-12.108876,-0.57215506,5.0540757,12.998022,23.422998,3.181909,3.1870992,-2.9089222,0.4592889,-0.8901616,-0.08058783,0.076245956,-0.016771644,-0.13591877,-0.6557468,-0.006252795,0.18657345,0.01657958,0.49535757,-44.744125
-0.48480722,-0.48480698,-11.232665,-12.015717,-0.43594372,5.073375,12.856899,23.475409,3.176397,3.222496,-2.9152505,0.4614449,-0.8879064,-0.0727089,0.077723,-0.027119871,-0.12262455,-0.61992186,-0.009805456,0.1632196,0.012682078,0.48694974,-44.668854
-0.4936576,-0.49365735,-11.136463,-11.988525,-0.34773183,5.085375,12.732502,23.511374,3.2077498,3.2136376,-2.9194927,0.4356925,-0.8846219,-0.05431489,0.0839636,-0.034801826,-0.11054628,-0.61971366,-0.010325031,0.15097138,0.0081842095,0.49550256,-44.624157
-0.4757619,-0.47576165,-11.111379,-11.97373,-0.25124958,5.099593,12.602363,23.555855,3.216356,3.1884763,-2.9213154,0.42511362,-0.8817297,-0.039975785,0.08553828,-0.031309232,-0.121608004,-0.6193323,-0.012636942,0.16966856,0.010702445,0.48631066,-44.561344
-0.48011813,-0.48011792,-11.057483,-11.884817,-0.25905475,5.1151333,12.473878,23.604021,3.278679,3.214295,-2.9257088,0.44674912,-0.8851625,-0.011432084,0.09307269,-0.03428926,-0.12981018,-0.5712806,-0.017787289,0.17510602,0.014211826,0.43604386,-44.559822
-0.46415502,-0.46415478,-10.930922,-11.773056,-0.4463951,5.1302342,12.344929,23.651731,3.3096883,3.2216237,-2.9160848,0.4637655,-0.8881477,-0.04441464,0.08913031,-0.031571917,-0.14094202,-0.57297087,-0.014017974,0.17133448,0.009824654,0.45936346,-44.52475
-0.45224464,-0.4522444,-10.927961,-11.7336445,-0.35166493,5.14264,12.223753,23.691317,3.377915,3.1824434,-2.9140048,0.45749503,-0.8907072,-0.011337379,0.08523293,-0.029565139,-0.16006435,-0.54872096,-0.02037135,0.20849982,0.009601597,0.4353587,-44.527042
-0.45084646,-0.45084623,-10.938699,-11.6467285,-0.32229215,5.158266,12.093716,23.736366,3.3755012,3.1552324,-2.9115841,0.45897776,-0.88518727,-0.0021062458,0.08773061,-0.024280205,-0.16917826,-0.5584725,-0.018830545,0.23317619,0.00619886,0.4225489,-44.456127
-0.45769528,-0.45769504,-10.885263,-11.617261,-0.27929753,5.1701965,11.968882,23.78819,3.3893373,3.147627,-2.914668,0.4250791,-0.87799716,0.026610363,0.088747725,-0.012820386,-0.18499783,-0.52452326,-0.019662596,0.21072899,-0.001081144,0.4278326,-44.411224
-0.45995346,-0.4599532,-10.841278,-11.558726,-0.25860453,5.1832056,11.840484,23.841938,3.4019103,3.1168659,-2.9029675,0.43148622,-0.87331456,-0.015370077,0.10242495,-0.029173732,-0.18142873,-0.5803212,-0.006748996,0.22315864,-0.008445334,0.46606684,-44.361908
-0.4401011,-0.44010088,-10.721179,-11.385365,-0.45789325,5.197065,11.716717,23.87875,3.3989215,3.101098,-2.9050813,0.4241137,-0.867309,-0.025059856,0.106425844,-0.03317023,-0.1810445,-0.60726386,-0.0018157174,0.22867265,-0.0075948793,0.47627145,-44.287582
-0.4638127,-0.46381247,-10.560208,-11.341139,-0.4405567,5.209365,11.599297,23.909136,3.4265738,3.0718215,-2.902708,0.37780356,-0.8732767,-0.007609615,0.118063614,-0.051091574,-0.18959644,-0.609737,-0.0040600467,0.21143863,-0.008485116,0.51199627,-44.242393
-0.45955566,-0.45955545,-10.588067,-11.230032,-0.4210837,5.2195272,11.487272,23.939344,3.423697,3.0584786,-2.905742,0.37825412,-0.8673285,-0.0003419391,0.12897082,-0.06145136,-0.19114718,-0.6127801,-0.0026493517,0.22674754,-0.007918372,0.49776882,-44.17049
-0.46302906,-0.46302885,-10.564327,-11.175674,-0.26461607,5.228471,11.374519,23.966423,3.467498,3.0357988,-2.9063063,0.32446474,-0.8682335,0.00010387432,0.1215019,-0.043315485,-0.21884179,-0.6127534,0.0013317027,0.19212115,-0.004283408,0.54839337,-44.139614
-0.49091214,-0.4909119,-10.471742,-11.056719,-0.44583243,5.2377367,11.265934,23.995674,3.5145888,3.031858,-2.917348,0.31392366,-0.86321056,0.02348738,0.1179138,-0.037597857,-0.22053654,-0.5998113,0.005204652,0.19263798,0.00015875342,0.52609515,-44.11543
-0.48118597,-0.48118573,-10.370469,-11.008684,-0.43834245,5.248494,11.153521,24.03094,3.535642,3.0318956,-2.9311795,0.29387975,-0.8632952,-0.045583963,0.1171532,-0.047813114,-0.20026815,-0.70613456,0.0049763573,0.18656248,0.008101821,0.60733974,-44.06808
-0.48391262,-0.48391238,-10.246105,-10.914821,-0.5515281,5.261154,11.038821,24.067196,3.561674,3.013806,-2.928575,0.28844163,-0.8620965,-0.020833097,0.1233515,-0.066407524,-0.19182853,-0.6824167,0.004654102,0.1968596,0.0049214205,0.590005,-44.029594
-0.49183774,-0.4918375,-10.071845,-10.906208,-0.52593035,5.274984,10.92497,24.093056,3.6179225,3.014391,-2.9360964,0.24267973,-0.85683846,-0.022369092,0.12618943,-0.07348961,-0.1737771,-0.69681925,-0.009079482,0.17173333,0.0027229968,0.6342538,-44.009544
-0.49241388,-0.4924136,-9.953181,-10.859301,-0.45609087,5.2879944,10.816143,24.113415,3.61721,2.9835396,-2.936094,0.21862209,-0.85766435,-0.014750699,0.12226616,-0.06445547,-0.1788311,-0.7144104,-0.0153719215,0.18487644,0.0016690164,0.65258753,-43.93364
-0.49136183,-0.4913616,-9.973391,-10.77683,-0.44023097,5.302987,10.706005,24.137365,3.6779404,2.9260983,-2.9353848,0.22563212,-0.86015713,-0.013363162,0.122251295,-0.05573295,-0.19630708,-0.7709919,-0.011262411,0.24442542,-0.005357906,0.6537288,-43.923187
-0.51266414,-0.5126639,-9.859962,-10.668955,-0.48264503,5.312667,10.599211,24.16648,3.6771245,2.8945913,-2.9341805,0.23393974,-0.8669627,-0.017940465,0.12278274,-0.04724856,-0.20681876,-0.81548727,-0.006658959,0.27829242,-0.0041754954,0.6556301,-43.854637
-0.48798367,-0.48798347,-9.744092,-10.5278015,-0.52075803,5.3243737,10.490601,24.18776,3.6868973,2.9210868,-2.9356627,0.23845902,-0.86748385,0.0494414,0.11727037,-0.049863443,-0.20516467,-0.72237235,-0.011267997,0.26237923,-0.0026748336,0.58274937,-43.78907
-0.49024284,-0.4902426,-9.679279,-10.548122,-0.545534,5.3383684,10.38344,24.209053,3.690484,2.872651,-2.9408698,0.2189474,-0.87228495,0.018992133,0.10527244,-0.040771645,-0.18373552,-0.82571745,-0.008226997,0.29340085,0.0012798541,0.63356185,-43.723904
-0.47559118,-0.47559094,-9.6083355,-10.442459,-0.54698884,5.3482485,10.282522,24.222715,3.691091,2.8458807,-2.952167,0.22211154,-0.86843145,0.021160422,0.103614196,-0.030495051,-0.19789931,-0.85307515,-0.00592497,0.33228934,0.00028805734,0.6253749,-43.648632
-0.46972373,-0.4697235,-9.520656,-10.370228,-0.59521097,5.3608327,10.176908,24.243824,3.690342,2.8419888,-2.9626565,0.2568078,-0.86725545,0.02683888,0.09778561,-0.022840606,-0.2009967,-0.8596426,-0.0065756687,0.38202652,0.008170927,0.5759561,-43.578163
-0.47296396,-0.4729637,-9.392178,-10.224825,-0.7198558,5.3648376,10.082462,24.263931,3.6871047,2.8346312,-2.9593148,0.24841478,-0.86731404,0.03713405,0.08837576,-0.008747753,-0.20722455,-0.86512345,-0.012073658,0.38310295,0.011526793,0.57077074,-43.505936
-0.48100132,-0.4810011,-9.342324,-10.215779,-0.6273241,5.3761864,9.981794,24.274422,3.748583,2.8919795,-2.9613476,0.2421313,-0.8677454,0.032456644,0.091114774,-0.0028121525,-0.19761151,-0.8238056,-0.01586958,0.32527584,0.003637869,0.59005713,-43.48978
-0.46926826,-0.46926802,-9.314051,-10.094009,-0.5655297,5.3844957,9.891004,24.28511,3.8153057,2.8633199,-2.961291,0.25239837,-0.8640668,0.027095083,0.09431592,-0.0007809139,-0.19435322,-0.8585706,-0.02142056,0.36959016,-0.0035828934,0.5887047,-43.484932
-0.44621384,-0.4462136,-9.369526,-9.956324,-0.5178848,5.3941455,9.79722,24.299938,3.8166084,2.8858385,-2.957542,0.24719134,-0.8716372,0.047766015,0.09871158,-0.0011780609,-0.2088146,-0.8191929,-0.009667176,0.32628888,-0.00042134215,0.5776483,-43.41774
-0.4626468,-0.46264654,-9.336293,-9.787772,-0.64071214,5.403796,9.705231,24.31636,3.852166,2.8523726,-2.9647398,0.17767048,-0.8683221,0.04170075,0.10103597,-0.00377194,-0.2102789,-0.8660905,-0.013965325,0.30169114,-0.002141032,0.6516529,-43.39087
-0.47815853,-0.4781583,-9.25223,-9.694681,-0.632476,5.4121447,9.614417,24.32916,3.8607929,2.8328815,-2.9721522,0.17613035,-0.86587286,0.040988415,0.09339386,0.0038219525,-0.20509106,-0.9023671,-0.023253113,0.33629104,0.00038645783,0.6489047,-43.32411
-0.47538248,-0.47538224,-9.331716,-9.544498,-0.6947406,5.419693,9.527415,24.335978,3.9302833,2.8466477,-2.960127,0.16017276,-0.87110233,0.0198429,0.107320055,-0.0015454099,-0.20720164,-0.9160327,-0.017285015,0.2885662,-0.0024588676,0.6940674,-43.31965
-0.47322732,-0.47322708,-9.317759,-9.574932,-0.5505303,5.4317913,9.43261,24.348637,3.9799078,2.8783894,-2.9619014,0.1487025,-0.8711423,0.031384163,0.104592346,-0.006757322,-0.19070038,-0.8876262,-0.030167993,0.25993946,-0.006885826,0.6984622,-43.29901
-0.47664738,-0.47664714,-9.264681,-9.62386,-0.44605196,5.439001,9.347803,24.359753,3.9745922,2.8586817,-2.9588766,0.1259475,-0.874721,0.022353746,0.10174139,0.00020078017,-0.19009593,-0.9144845,-0.021324992,0.2449981,-0.0043160934,0.7312344,-43.23063
-0.46973324,-0.469733,-9.267278,-9.71222,-0.20603648,5.4412103,9.268446,24.36068,3.988181,2.8043535,-2.9535382,0.14901301,-0.8818331,0.0287047,0.108351156,-0.0013397272,-0.20396344,-0.9561298,-0.029251803,0.32507536,-0.007948254,0.71257305,-43.169373
-0.4396706,-0.43967038,-9.193608,-9.668933,-0.20766425,5.4464874,9.184885,24.367807,3.9805946,2.7668595,-2.949709,0.14466733,-0.8834968,0.05820886,0.108658865,-0.00096324144,-0.21127632,-0.96220505,-0.0381039,0.36327726,-0.004673952,0.68579304,-43.091328
-0.45087594,-0.4508757,-9.126237,-9.566139,-0.2618175,5.45404,9.098858,24.37267,4.015088,2.7508926,-2.942493,0.13408998,-0.8854279,0.0394566,0.11930938,-0.0079369275,-0.21600398,-0.9958167,-0.04422862,0.36763883,-0.0009826111,0.7133559,-43.054207
-0.44577402,-0.44577378,-9.102311,-9.427051,-0.2700579,5.4614353,9.0146,24.377726,4.011646,2.7429929,-2.9276178,0.15380584,-0.8916489,0.049710337,0.12152138,-0.010008659,-0.23261297,-0.9710577,-0.054607086,0.39087045,0.0017135825,0.68690276,-42.980278
-0.47289318,-0.47289294,-9.082412,-9.296986,-0.22148062,5.468078,8.928581,24.387943,4.0568285,2.7763119,-2.92106,0.17100137,-0.8963177,0.020109309,0.11779218,-0.0038526752,-0.24444824,-0.94428027,-0.054902606,0.3685287,0.0033110566,0.70236504,-42.958466
-0.47144192,-0.4714417,-9.05254,-9.289963,-0.17153144,5.4762588,8.839909,24.395473,4.0802455,2.7844582,-2.930297,0.17567119,-0.8978247,0.021097332,0.13210128,-0.01996227,-0.23944381,-0.9443373,-0.05722212,0.37666833,-0.0049566934,0.70646393,-42.910797
-0.43719986,-0.43719962,-9.046637,-9.204311,-0.266851,5.481637,8.757534,24.39855,4.110682,2.7727408,-2.928045,0.1708341,-0.89666593,0.013281101,0.13055429,-0.026447287,-0.24960937,-0.9572384,-0.058006145,0.38211763,-0.007326496,0.72032106,-42.86959
-0.44774646,-0.44774622,-9.082141,-9.080758,-0.26083702,5.484454,8.680109,24.39782,4.190225,2.811798,-2.9432423,0.14498708,-0.891974,-0.007923321,0.13222654,-0.02597782,-0.26788512,-0.9196516,-0.059059117,0.3335049,-0.0061686826,0.7615042,-42.87375
-0.45221108,-0.4522108,-9.046642,-9.077749,-0.17356344,5.4919863,8.600296,24.39066,4.233731,2.7841268,-2.93947,0.1686809,-0.89474106,-0.011660295,0.12723482,-0.00956578,-0.27557802,-0.94954455,-0.054631203,0.37676203,-0.011326601,0.7494579,-42.842033
-0.46049005,-0.46048978,-9.039636,-8.952884,-0.27841985,5.495666,8.520457,24.396784,4.221006,2.7258167,-2.9346595,0.20186256,-0.8947331,-0.01721122,0.121056646,0.0042357263,-0.28669214,-1.0044847,-0.05101067,0.45989197,-0.012141962,0.7226142,-42.757004
-0.4387046,-0.43870437,-9.082753,-8.803687,-0.27167296,5.498325,8.443501,24.398254,4.273229,2.7150383,-2.9277334,0.1805737,-0.8962307,-0.0005392499,0.12971891,-0.002226494,-0.2858716,-0.9969563,-0.042950924,0.43450668,-0.01504208,0.7316065,-42.73726
-0.41443226,-0.41443202,-9.031122,-8.805183,-0.10348511,5.5039473,8.362717,24.395945,4.278564,2.7108884,-2.9301445,0.18358864,-0.89978886,0.018156644,0.1307472,-0.0019972557,-0.28571463,-0.9806369,-0.044230416,0.445437,-0.015588693,0.7140048,-42.664734
-0.42020613,-0.42020592,-9.050135,-8.70472,-0.080246404,5.505053,8.289283,24.39765,4.2974715,2.6780028,-2.9258666,0.19719824,-0.8936443,0.042401575,0.12938899,-0.017539335,-0.257675,-0.9861123,-0.038469158,0.48188815,-0.013570266,0.66799456,-42.61309
-0.4039805,-0.40398026,-9.045076,-8.653072,-0.078494675,5.5111704,8.212952,24.407549,4.272991,2.655774,-2.9218788,0.20294642,-0.8947029,0.024627633,0.13122472,-0.014468952,-0.26660305,-1.0184435,-0.046577074,0.51403916,-0.013913275,0.68142855,-42.526146
-0.40469438,-0.40469414,-8.944572,-8.687915,-0.03463593,5.5152817,8.139751,24.4029,4.309967,2.6746078,-2.9207914,0.1956333,-0.89088356,0.024988249,0.12911718,-0.0060888864,-0.26806605,-1.0044192,-0.052970927,0.49323452,-0.013121925,0.6837832,-42.488823
-0.39996892,-0.39996868,-8.96404,-8.53785,-0.030482005,5.5213213,8.063679,24.405,4.3519654,2.6940694,-2.9187999,0.16785377,-0.89487606,0.010235889,0.12407227,0.0028214748,-0.26043963,-1.003703,-0.05547887,0.4465167,-0.007311076,0.72451735,-42.46472
-0.38747197,-0.3874717,-8.958594,-8.465457,0.0022786306,5.5237746,7.994797,24.396645,4.3478794,2.6755846,-2.9153585,0.1815321,-0.8970412,-0.009591862,0.11974484,0.011166412,-0.26117203,-1.041979,-0.061214335,0.48096848,-0.0076048467,0.7331425,-42.3869
-0.37517434,-0.37517408,-8.895015,-8.437929,-0.04188111,5.5250854,7.926211,24.390915,4.3206043,2.7020414,-2.9228294,0.18369785,-0.88805443,-0.012592762,0.12491984,0.012463898,-0.25396648,-1.026053,-0.06298677,0.46585023,-0.01053422,0.72793865,-42.28481
-0.3736266,-0.37362632,-8.8480625,-8.4110775,0.06733738,5.532336,7.8467355,24.398329,4.3098087,2.7150197,-2.9251752,0.18238392,-0.8885884,-0.010392431,0.12288849,0.015922975,-0.26727083,-1.0054464,-0.07108196,0.4619868,-0.00878416,0.7258354,-42.20607
-0.362342,-0.36234176,-8.826405,-8.286957,0.01901251,5.5318165,7.778659,24.393406,4.3071594,2.6659973,-2.9306915,0.17137715,-0.89007884,-0.023680814,0.12768729,0.002799114,-0.2502705,-1.0901718,-0.06764405,0.50204927,-0.011055288,0.75390816,-42.126545
-0.37977475,-0.37977448,-8.715229,-8.212046,0.032854617,5.532864,7.7119074,24.381721,4.2964277,2.683863,-2.922937,0.15794815,-0.89408463,-0.014707271,0.14504029,-0.017074961,-0.2653084,-1.0322671,-0.06854113,0.4638219,-0.012673931,0.76400036,-42.038574
-0.35568932,-0.35568908,-8.729088,-8.144347,0.061573096,5.5375724,7.6418085,24.368084,4.365262,2.6948814,-2.9275415,0.14292172,-0.88657486,-0.02640873,0.14604528,-0.015430552,-0.26974303,-1.0393536,-0.06895506,0.44271675,-0.011982024,0.7825428,-42.026672
-0.32070303,-0.32070282,-8.688611,-8.129325,0.037810117,5.539523,7.573835,24.3658,4.372842,2.6369412,-2.9275043,0.099914506,-0.8805603,-0.008132554,0.14665481,-0.006153474,-0.27723116,-1.0824617,-0.071342945,0.45991158,-0.013083439,0.80234754,-41.9636
-0.30042878,-0.3004285,-8.695612,-8.027971,-0.013811638,5.5418844,7.5105968,24.3563,4.4175143,2.6699667,-2.9222271,0.10186689,-0.87495565,0.04942289,0.1336879,0.0067854538,-0.27023506,-0.9908481,-0.075391404,0.42758775,-0.012155106,0.73630106,-41.93675
-0.28493387,-0.28493363,-8.713013,-8.003517,0.042524874,5.545495,7.4431434,24.341629,4.4484777,2.6909022,-2.9143467,0.15083122,-0.8832912,0.059201613,0.13341968,0.0035560555,-0.27329895,-0.9618524,-0.08122518,0.45353037,-0.008800098,0.6825318,-41.892014
-0.28243044,-0.2824302,-8.566975,-8.076071,0.051033743,5.549992,7.377983,24.33209,4.44999,2.6659055,-2.9096634,0.14831682,-0.8817354,0.030730283,0.14971353,0.0012341039,-0.29417965,-1.0027763,-0.08912124,0.47915322,-0.0090086,0.7121897,-41.820034
-0.27238077,-0.27238053,-8.52001,-8.078668,0.1419133,5.55297,7.313907,24.324118,4.487816,2.6506782,-2.9121404,0.17541638,-0.876225,0.021620752,0.15253024,0.004428802,-0.29569137,-1.0219251,-0.09193882,0.52678174,-0.009966293,0.68966985,-41.787106
-0.27220646,-0.27220622,-8.497347,-8.104274,0.1372473,5.5526257,7.252097,24.315197,4.4977345,2.6848145,-2.9197335,0.20091186,-0.8749567,0.0674275,0.14382868,0.009189441,-0.27640283,-0.9678296,-0.08493586,0.51872647,-0.009503457,0.61665666,-41.725723
-0.27335268,-0.27335244,-8.470139,-8.009926,0.07926388,5.551865,7.191444,24.298794,4.5361776,2.7092104,-2.9274888,0.19099683,-0.8737702,0.049439695,0.14112662,0.019038899,-0.2826534,-0.97554666,-0.08098303,0.4881341,-0.009879713,0.6437579,-41.686886
-0.30169696,-0.30169672,-8.502746,-7.80758,0.018163921,5.5557904,7.129016,24.28364,4.5556173,2.68893,-2.9089458,0.2031856,-0.87675333,0.03646116,0.14970149,0.0025369544,-0.28751397,-0.98505676,-0.08434678,0.5053532,-0.010042891,0.6477166,-41.634018
-0.28005677,-0.28005654,-8.518874,-7.744951,0.053543273,5.556892,7.0755396,24.252342,4.535182,2.675066,-2.908196,0.22022595,-0.8701318,0.06378784,0.15581629,-0.0030722413,-0.27461106,-0.9784495,-0.0812279,0.5323403,-0.010759153,0.5974568,-41.53177
-0.2805402,-0.28053996,-8.450615,-7.712587,0.008467127,5.5576386,7.017039,24.244757,4.533796,2.6524234,-2.9057326,0.24295793,-0.86860025,0.071806006,0.15772597,-0.0053219604,-0.26940736,-0.9959504,-0.07529247,0.56932,-0.015493293,0.56991255,-41.4655
-0.27426186,-0.27426165,-8.495441,-7.6484394,0.10355211,5.5611563,6.955436,24.231615,4.5471354,2.6428874,-2.9090421,0.22311229,-0.8688038,0.08799682,0.16034283,-0.008985679,-0.28446242,-0.97742975,-0.0826145,0.5695887,-0.013683891,0.57196796,-41.403793
-0.2578546,-0.2578544,-8.446474,-7.581524,0.026446028,5.5649295,6.8990016,24.211576,4.5426483,2.6305013,-2.9087915,0.27031383,-0.86790824,0.1033147,0.16107194,-0.0057458533,-0.28422126,-0.9868302,-0.08117557,0.6274679,-0.017611569,0.5124848,-41.32836
-0.26235425,-0.26235402,-8.453985,-7.528587,0.038600475,5.5694733,6.838602,24.191605,4.5673738,2.572938,-2.9021535,0.3088663,-0.8704628,0.09566535,0.15556926,0.013031577,-0.29581374,-1.0427088,-0.08167854,0.7174913,-0.020671792,0.48718083,-41.277374
-0.24346212,-0.24346189,-8.458349,-7.389527,-0.00023229735,5.575024,6.7780476,24.17674,4.595258,2.5768929,-2.893213,0.28494355,-0.8739408,0.0977789,0.15146868,0.01254867,-0.28591737,-1.0431292,-0.07989686,0.67892194,-0.02102418,0.5128013,-41.236046
-0.25073975,-0.2507395,-8.376699,-7.326056,0.015346283,5.580584,6.721265,24.152897,4.6052375,2.540394,-2.8975968,0.29355848,-0.8739531,0.10151787,0.15641665,0.0010775176,-0.2642606,-1.109171,-0.07419251,0.7227994,-0.022726823,0.5021449,-41.171158
-0.2629095,-0.26290926,-8.298627,-7.2466307,-0.046609614,5.5815578,6.6678514,24.133131,4.6502843,2.5337148,-2.8914678,0.27226618,-0.8783761,0.059788745,0.1592207,0.00084062037,-0.278888,-1.1459869,-0.06941733,0.69730026,-0.020107044,0.5669543,-41.146984
-0.25477242,-0.2547722,-8.3336735,-7.2285995,-0.00909066,5.582525,6.611797,24.11829,4.657219,2.5267043,-2.8908415,0.2661774,-0.8748561,0.0838917,0.16749105,-0.00785806,-0.2960049,-1.0992953,-0.068585515,0.696749,-0.020165803,0.54546654,-41.08509
-0.23755775,-0.23755753,-8.206705,-7.3255115,0.08740492,5.580648,6.5565014,24.10455,4.6629744,2.4876494,-2.8966932,0.25886926,-0.8715451,0.046156563,0.17131723,-0.01123525,-0.29070455,-1.1886934,-0.066041335,0.731782,-0.021723177,0.5887461,-41.022392
-0.25011203,-0.2501118,-8.092852,-7.312091,-0.010215143,5.584421,6.500951,24.083746,4.715953,2.471321,-2.8895004,0.23780754,-0.8745792,0.042773463,0.17633416,-0.008347572,-0.2914698,-1.2095524,-0.063713044,0.71755505,-0.018467676,0.61296976,-41.00305
-0.2533558,-0.25335556,-8.015902,-7.18682,-0.17079164,5.587635,6.4494095,24.069427,4.6905594,2.4591765,-2.9033644,0.20970127,-0.86974967,0.06551761,0.17061505,-0.007064296,-0.28894562,-1.210569,-0.060104407,0.7118551,-0.021779573,0.61682546,-40.91726
-0.2741436,-0.27414337,-7.9098167,-7.220275,-0.069045454,5.5896416,6.3970747,24.045013,4.704125,2.428998,-2.9049463,0.24353212,-0.8725526,0.04292853,0.17594522,-0.029192057,-0.2738071,-1.2684778,-0.04488506,0.7623521,-0.022870375,0.609498,-40.855114
-0.26950395,-0.26950374,-7.9026566,-7.2192726,0.023741763,5.5936766,6.3389077,24.031208,4.7223186,2.397447,-2.9052238,0.24726772,-0.87211263,0.026930217,0.18356973,-0.028211769,-0.2751636,-1.3260548,-0.045681488,0.79872495,-0.028059967,0.62651813,-40.80434
-0.2711809,-0.27118066,-7.860306,-7.1376123,-0.04710857,5.591008,6.286526,24.014996,4.71306,2.370019,-2.9026818,0.26986367,-0.87312895,0.025105447,0.1857124,-0.038078416,-0.2718163,-1.3526533,-0.04147297,0.8420477,-0.028250128,0.60696024,-40.722565
-0.24920723,-0.24920699,-7.770955,-7.118553,-0.01932502,5.5932503,6.236807,23.990088,4.741124,2.400093,-2.8882127,0.29486707,-0.8741164,0.035979792,0.18341924,-0.02071094,-0.2719596,-1.3110111,-0.036155023,0.8172957,-0.030315332,0.5741334,-40.677555
-0.27781984,-0.27781963,-7.70525,-7.153164,0.0063152583,5.5955257,6.18877,23.967089,4.7647524,2.3622303,-2.8870082,0.28684032,-0.87785494,0.04054352,0.18988076,-0.016403943,-0.28225952,-1.3477021,-0.032707028,0.84255004,-0.03193035,0.58293366,-40.632492
-0.28280124,-0.282801,-7.673481,-7.108726,0.030034464,5.596697,6.1348395,23.946434,4.779949,2.3851547,-2.886128,0.24140105,-0.8795252,0.044590905,0.18122289,-0.022612117,-0.2599423,-1.3321517,-0.034885876,0.77555144,-0.03189872,0.6259607,-40.57414
-0.2885977,-0.28859746,-7.7148075,-7.041855,0.1059265,5.5961504,6.087576,23.929527,4.797662,2.3566148,-2.873259,0.21983573,-0.8769945,0.04664705,0.18595594,-0.02689523,-0.26543736,-1.3397822,-0.047101162,0.7819369,-0.030714657,0.64175117,-40.525322
-0.28008687,-0.28008664,-7.6465664,-7.0310483,0.06285016,5.593964,6.0460563,23.894236,4.811841,2.3503256,-2.874842,0.28262627,-0.8764739,0.010956783,0.18973945,-0.033786334,-0.2519962,-1.3943334,-0.047429822,0.85297203,-0.032805387,0.61621404,-40.45968
-0.28373528,-0.28373504,-7.5783243,-6.997699,0.01991691,5.59619,5.9989743,23.87135,4.8404922,2.3206322,-2.872369,0.27637452,-0.87270594,0.038735174,0.19080454,-0.037446827,-0.2415767,-1.3939712,-0.038431883,0.8650404,-0.032320317,0.590418,-40.421196
-0.26015204,-0.2601518,-7.4514027,-6.9528837,-0.11885907,5.594573,5.959296,23.841272,4.8464904,2.285111,-2.8722157,0.28662926,-0.8732915,0.031154286,0.19575101,-0.04577461,-0.21986142,-1.4444788,-0.043425567,0.91568255,-0.02835783,0.5843624,-40.35303
-0.2742179,-0.27421767,-7.4010916,-6.9277134,-0.0006613857,5.597361,5.9092436,23.820686,4.8745613,2.3030891,-2.8744211,0.28346258,-0.8743944,0.0017513892,0.18892491,-0.041898236,-0.22330621,-1.4496862,-0.039616153,0.8929688,-0.027148154,0.616821,-40.31167
-0.2780388,-0.27803856,-7.309778,-6.9660797,-0.02546544,5.594549,5.8667383,23.796757,4.88054,2.239982,-2.8688757,0.28276742,-0.8755342,0.0040612323,0.18434972,-0.032260306,-0.23163831,-1.4974563,-0.03648883,0.9467852,-0.026522003,0.6157141,-40.246727
-0.23265472,-0.23265448,-7.3889637,-6.9106293,-0.05072546,5.5959635,5.8176165,23.768139,4.9168053,2.2003136,-2.8691506,0.295634,-0.87100327,-0.0441015,0.18392777,-0.035811026,-0.22187999,-1.5822282,-0.028083991,0.99125075,-0.027427807,0.64738524,-40.205585
-0.22720142,-0.22720116,-7.2981815,-6.8854876,0.037482515,5.5998883,5.7680464,23.744102,4.9391823,2.181931,-2.8646164,0.30742538,-0.87140566,-0.056920514,0.19482519,-0.04022979,-0.22969839,-1.6136907,-0.025153691,1.0138924,-0.031124268,0.65251017,-40.1564
-0.22544757,-0.22544731,-7.2446103,-6.801901,0.010833735,5.5989656,5.7242613,23.71603,4.947565,2.158044,-2.8578706,0.27032873,-0.87171173,-0.039924696,0.2000901,-0.0420352,-0.2385816,-1.6100249,-0.027974337,0.9968932,-0.03143789,0.67323494,-40.09306
-0.2237345,-0.22373427,-7.2670593,-6.710169,0.006410204,5.6014557,5.6810436,23.68039,4.9864345,2.1492536,-2.8517523,0.25223687,-0.87463534,-0.040698994,0.19512115,-0.032817718,-0.23206261,-1.6249745,-0.034027018,0.98757863,-0.023732807,0.68732005,-40.057552
-0.2228623,-0.22286206,-7.3128977,-6.5412774,-0.065161735,5.5992966,5.633932,23.665508,5.0178576,2.1865716,-2.8535974,0.25463727,-0.8749093,-0.028166413,0.18973175,-0.035569612,-0.21258733,-1.5918362,-0.036623955,0.9571496,-0.02428835,0.6732248,-40.027813
-0.23439926,-0.23439902,-7.216626,-6.5597615,-0.10246568,5.5968847,5.590867,23.63836,5.040716,2.1657374,-2.851844,0.27865994,-0.8776715,-0.053997062,0.19145876,-0.037667245,-0.22266227,-1.6315037,-0.031455405,0.9949449,-0.027785383,0.6813022,-39.977
-0.2358201,-0.23581988,-7.250327,-6.443722,-0.07213903,5.5961637,5.5445175,23.614986,5.064348,2.1968532,-2.8606677,0.25083578,-0.87577575,-0.060568944,0.18557577,-0.034547336,-0.21046391,-1.6298716,-0.03039423,0.9437373,-0.026256986,0.7122844,-39.933514
-0.2520082,-0.25200796,-7.130896,-6.3769627,-0.088571236,5.589536,5.51455,23.586842,5.035164,2.1936128,-2.8671775,0.204108,-0.8731432,-0.09733209,0.1927595,-0.038001966,-0.22543277,-1.6595867,-0.014323993,0.8907932,-0.036854893,0.80373824,-39.840164
-0.26664346,-0.26664323,-6.9494467,-6.4048424,-0.11060041,5.588624,5.469911,23.566689,5.0554485,2.133079,-2.8811193,0.21343002,-0.87273073,-0.090920344,0.20038848,-0.048403107,-0.21918298,-1.7372086,-0.012817493,0.9730373,-0.03993,0.7906494,-39.796158
-0.25566846,-0.25566822,-6.802327,-6.4461513,-0.053406067,5.5862703,5.4280457,23.544043,5.0368605,2.0903327,-2.8849134,0.22198552,-0.8749532,-0.09969975,0.19436891,-0.026867233,-0.24290034,-1.7845774,-0.010598089,1.0259244,-0.04600959,0.79915965,-39.714886
-0.24615109,-0.24615084,-6.801774,-6.344307,-0.10241701,5.584404,5.385808,23.520105,5.031197,2.0882735,-2.8761346,0.23635276,-0.87841237,-0.09566697,0.19930391,-0.02565382,-0.23322573,-1.7954736,-0.01857794,1.0415144,-0.046998814,0.7851863,-39.644928
-0.24370494,-0.2437047,-6.7326756,-6.3200703,-0.04965753,5.583633,5.347487,23.493616,5.0420732,2.0948098,-2.8858905,0.24284714,-0.86830556,-0.0702716,0.2039311,-0.032375425,-0.22896564,-1.7668285,-0.015285395,1.0480049,-0.05386965,0.7500688,-39.590324
-0.23377424,-0.233774,-6.659074,-6.2459836,-0.17248422,5.582653,5.306737,23.473244,5.0093775,2.084974,-2.868764,0.2539055,-0.87048924,-0.12050255,0.20785418,-0.033201147,-0.2505343,-1.7945846,-0.017105214,1.0534765,-0.053802185,0.79134256,-39.496925
-0.21064083,-0.21064058,-6.602311,-6.337966,-0.08561576,5.5812,5.266251,23.447634,5.026157,2.0655253,-2.8662558,0.2120794,-0.87384474,-0.121677116,0.20110878,-0.0185435,-0.24652201,-1.8336918,-0.011128645,1.022502,-0.05107542,0.8349505,-39.449646
-0.21601747,-0.21601723,-6.6137085,-6.402071,0.048585244,5.579796,5.2259135,23.419456,5.05269,2.0514386,-2.8652663,0.23631181,-0.86901516,-0.11261773,0.19286823,-0.027188402,-0.23351714,-1.8284931,-0.015359458,1.0641025,-0.052443914,0.79819226,-39.40754
-0.21828932,-0.21828906,-6.5874662,-6.3713226,0.06544558,5.577017,5.1850166,23.393845,5.0586715,2.1015046,-2.863708,0.25249547,-0.8704695,-0.14667512,0.19084825,-0.02821999,-0.23643214,-1.8035793,-0.013044128,1.0264573,-0.04664227,0.8117213,-39.342518
-0.20751569,-0.20751545,-6.5938306,-6.291711,0.049693197,5.5734086,5.145742,23.369219,5.0271716,2.0688052,-2.8507843,0.22708362,-0.8660771,-0.1268399,0.18661098,-0.025743173,-0.23458144,-1.790598,-0.009653954,1.0175039,-0.048407212,0.8146709,-39.243618
-0.22445887,-0.22445863,-6.513258,-6.314842,0.14914078,5.571104,5.1085443,23.341991,5.0435643,2.0724826,-2.839388,0.2376621,-0.8738638,-0.16890292,0.18971995,-0.023914797,-0.24759091,-1.8171481,-0.008778763,1.012194,-0.041556843,0.8470745,-39.193016
-0.21946394,-0.2194637,-6.5588255,-6.153,0.123984575,5.568288,5.070591,23.307682,5.075213,2.0689497,-2.836736,0.25499886,-0.87851834,-0.12528914,0.18838851,-0.015147842,-0.25965616,-1.7788675,-0.018678103,1.0404391,-0.04303704,0.79226685,-39.154423
-0.22398305,-0.22398281,-6.5285788,-6.0619373,0.044168722,5.567033,5.033648,23.269827,5.117119,2.0882897,-2.8405323,0.23353064,-0.87413514,-0.100474164,0.18141833,-0.009286416,-0.2538602,-1.7392292,-0.014734983,0.99956465,-0.03898128,0.78048986,-39.122246
-0.22479439,-0.22479416,-6.5379543,-6.068518,0.18103577,5.565602,4.9987936,23.234463,5.145354,2.0897608,-2.8420088,0.19532838,-0.86832225,-0.10864217,0.17852624,-0.01613891,-0.2298698,-1.7542533,-0.02200337,0.96870375,-0.03817999,0.8202667,-39.078682
-0.22247173,-0.2224715,-6.5107083,-6.1107197,0.22336742,5.561297,4.9689302,23.2015,5.1596885,2.1039975,-2.8382905,0.18647973,-0.86358154,-0.08165865,0.17330447,-0.018927943,-0.21672526,-1.7103004,-0.016673358,0.93660593,-0.037432168,0.7966663,-39.023296
-0.22967106,-0.22967082,-6.506632,-6.137703,0.26916933,5.5595193,4.9319806,23.167917,5.2018776,2.1230402,-2.8331769,0.17010036,-0.8645278,-0.09670367,0.17041731,-0.0102121895,-0.21152982,-1.7145925,-0.018259753,0.8976637,-0.0384943,0.83012205,-38.99379
-0.22813755,-0.22813733,-6.445517,-6.1858554,0.3124743,5.5531735,4.9007587,23.135963,5.215603,2.1029325,-2.8379374,0.1492165,-0.86519897,-0.10563641,0.17953493,-0.026237935,-0.21039687,-1.7459898,-0.01408327,0.89745003,-0.033993058,0.85609317,-38.93525
-0.21927539,-0.21927513,-6.4112773,-6.16615,0.28759432,5.5540543,4.8624763,23.116035,5.230838,2.134112,-2.8455243,0.16331154,-0.85991997,-0.10313064,0.17040499,-0.0068556364,-0.20338415,-1.7375875,-0.01245039,0.8862553,-0.030851228,0.83105165,-38.892883
-0.22481991,-0.22481969,-6.3511786,-6.1637235,0.31748214,5.5462704,4.8357463,23.082226,5.2460675,2.146148,-2.8415806,0.1625968,-0.8655828,-0.06404765,0.16559663,-0.0062520886,-0.19657157,-1.6879014,-0.024151774,0.8811617,-0.0344609,0.8019624,-38.838673
-0.22488295,-0.22488269,-6.332013,-6.0547547,0.14705686,5.5433664,4.800911,23.056604,5.2039523,2.1363184,-2.8322656,0.1498464,-0.86988306,-0.085006945,0.15679857,-0.001285696,-0.18322828,-1.726148,-0.02623972,0.87102956,-0.030597083,0.83611757,-38.731663
-0.22421536,-0.22421512,-6.280627,-6.0265803,0.20534073,5.53859,4.76805,23.02908,5.1959553,2.129862,-2.8345633,0.12446969,-0.8671446,-0.10541549,0.16480961,-0.0050010905,-0.1993375,-1.7430769,-0.0391008,0.8672326,-0.03517975,0.8837283,-38.65805
-0.21806264,-0.2180624,-6.216532,-5.987,0.19178024,5.537379,4.7305417,22.995834,5.228772,2.1885812,-2.8357835,0.14969341,-0.8656648,-0.13160026,0.16837123,-0.006205897,-0.19849505,-1.7103616,-0.037172984,0.8330434,-0.039466254,0.887487,-38.615257
-0.21658412,-0.2165839,-6.1287107,-5.9441137,0.065697,5.538575,4.6906285,22.963673,5.2413073,2.1685815,-2.8416908,0.15997079,-0.8572067,-0.11606928,0.16141613,0.0038197965,-0.19150755,-1.7302462,-0.039096557,0.8712088,-0.039605837,0.85335803,-38.555393
-0.21286844,-0.2128682,-6.106613,-5.8665566,0.020790728,5.5364637,4.6612883,22.932589,5.2751837,2.1885264,-2.8404925,0.15661299,-0.8567259,-0.114293896,0.15414073,0.017279457,-0.19518392,-1.710203,-0.032838404,0.84053105,-0.03992571,0.85478115,-38.527508
-0.18620409,-0.18620387,-6.1017923,-5.8570833,0.011380426,5.5315714,4.627102,22.902445,5.278094,2.1525412,-2.8400288,0.17221712,-0.86154604,-0.11231466,0.14113711,0.021332942,-0.18356007,-1.7467544,-0.05097857,0.9098377,-0.042447366,0.8445319,-38.462215
-0.20281392,-0.20281368,-6.0361724,-5.8009043,0.108253345,5.529437,4.594663,22.872053,5.308123,2.1436176,-2.8502011,0.17015195,-0.86415684,-0.117547765,0.14138152,0.010980465,-0.1808448,-1.7708839,-0.036199354,0.9120904,-0.04657641,0.85856456,-38.425236
-0.19870007,-0.19869983,-6.010986,-5.799798,0.106003776,5.5274916,4.5634284,22.83661,5.335359,2.0956786,-2.8521218,0.17150782,-0.8592523,-0.12162275,0.1325582,0.029578002,-0.18615171,-1.8294183,-0.038155384,0.9652402,-0.048019826,0.8578122,-38.384247
-0.19044212,-0.19044188,-5.9656296,-5.787347,0.13671643,5.522704,4.534568,22.798697,5.3614936,2.133717,-2.8504734,0.19770364,-0.8613431,-0.108509846,0.14077373,0.028329821,-0.19209968,-1.7744863,-0.04753024,0.9611647,-0.044475656,0.8170344,-38.33789
-0.18184906,-0.18184882,-5.9076447,-5.713773,0.14140676,5.521524,4.5028586,22.76333,5.3154426,2.156867,-2.8537073,0.18428455,-0.8601336,-0.07411854,0.14188945,0.031257946,-0.19509986,-1.7253654,-0.055724688,0.935983,-0.04309962,0.793455,-38.223434
-0.18725286,-0.18725263,-5.8405414,-5.746764,0.1653772,5.520287,4.4684067,22.733143,5.30214,2.1575315,-2.8559217,0.1713539,-0.8542929,-0.015185385,0.13106695,0.032789443,-0.17802554,-1.6671885,-0.052337933,0.9212469,-0.045750536,0.74424434,-38.146957
-0.1966776,-0.19667736,-5.771225,-5.6280966,0.08426114,5.5160227,4.4375806,22.7057,5.2883987,2.1328478,-2.849384,0.16528416,-0.858998,-0.020499986,0.12160852,0.03109869,-0.18353635,-1.672912,-0.0474688,0.9284951,-0.039266296,0.7538262,-38.070312
-0.19692704,-0.1969268,-5.743892,-5.627566,0.22915974,5.513594,4.404571,22.665588,5.3230405,2.1483114,-2.846714,0.15781568,-0.85509133,-0.015843507,0.11262207,0.043061327,-0.196833,-1.6417232,-0.041229494,0.89665323,-0.047928452,0.76139605,-38.026367
-0.23210554,-0.23210528,-5.6776047,-5.6369257,0.3425358,5.508747,4.380083,22.628593,5.308278,2.116733,-2.8379831,0.18325454,-0.85878456,-0.012408745,0.11464603,0.04173206,-0.2083019,-1.662158,-0.0470335,0.9507266,-0.050449908,0.7387386,-37.94614
-0.26388472,-0.26388448,-5.6487617,-5.557188,0.3225251,5.5064764,4.3479695,22.60356,5.3080916,2.0338886,-2.8385835,0.20590308,-0.86199427,0.011335672,0.11250298,0.057233073,-0.20486197,-1.743188,-0.05024302,1.0600241,-0.05055844,0.69566745,-37.88683
-0.2724625,-0.27246225,-5.577201,-5.5397735,0.42546216,5.502866,4.318292,22.573296,5.302278,2.0444393,-2.8406923,0.20868674,-0.8628888,-0.002547181,0.109506294,0.05949167,-0.21824837,-1.7350016,-0.044539873,1.0486467,-0.056459714,0.71356076,-37.818905
-0.28135473,-0.2813545,-5.517098,-5.612461,0.44947866,5.501263,4.2880125,22.535633,5.2927256,2.0368652,-2.8368154,0.21575035,-0.85964614,0.010757561,0.09668106,0.077269025,-0.22532928,-1.7251163,-0.038558032,1.053392,-0.053863253,0.68734396,-37.740845
-0.26454127,-0.26454103,-5.55038,-5.5331,0.4152726,5.498635,4.256347,22.507534,5.251105,2.037138,-2.8324838,0.20893955,-0.8623671,0.042613167,0.09760921,0.05876933,-0.20981637,-1.6977715,-0.034543734,1.0378472,-0.053706553,0.6648524,-37.638645
-0.26539582,-0.2653956,-5.5630903,-5.426567,0.31399387,5.4964356,4.2289762,22.467527,5.2150164,2.0451179,-2.8156648,0.21998733,-0.8597932,0.051453754,0.107628874,0.055291347,-0.22509803,-1.6532857,-0.039869335,1.0293607,-0.050888762,0.6395551,-37.530724
-0.26724714,-0.2672469,-5.511759,-5.3897853,0.23717965,5.4911165,4.203479,22.426899,5.2056265,2.0350487,-2.8147473,0.18436292,-0.86226135,0.042023428,0.104175985,0.05205881,-0.23866157,-1.652389,-0.039608713,1.0026048,-0.051840555,0.6880225,-37.44953
-0.24626793,-0.24626768,-5.519182,-5.269674,0.17055497,5.4857364,4.1761475,22.39598,5.189201,1.9922436,-2.8033643,0.18753591,-0.86197984,0.066258505,0.099162355,0.053461228,-0.22614726,-1.6686146,-0.03783678,1.0354458,-0.05150705,0.65999985,-37.369194
-0.24102372,-0.24102348,-5.4415674,-5.294404,0.08035156,5.479663,4.15466,22.350079,5.1677957,1.9893119,-2.8040874,0.16240764,-0.8566046,0.06407401,0.0860968,0.058561526,-0.22009993,-1.6658318,-0.02992736,1.0061188,-0.048616443,0.67905116,-37.274063
-0.23314486,-0.23314463,-5.3498926,-5.311159,0.08264539,5.477124,4.125493,22.315079,5.174854,2.0118003,-2.793852,0.13463327,-0.855397,0.058194786,0.090091765,0.05555485,-0.2385453,-1.6136639,-0.010420891,0.92617464,-0.054164086,0.71706426,-37.21865
-0.23548254,-0.2354823,-5.354864,-5.359929,0.13074256,5.4678297,4.1054125,22.275158,5.1882257,1.9871461,-2.7852437,0.14977519,-0.85361725,0.09216144,0.09472664,0.049349874,-0.22766697,-1.6019379,-0.0067250216,0.95375025,-0.053678796,0.6657142,-37.16275
-0.24388865,-0.24388841,-5.3380585,-5.2918434,0.069681704,5.461667,4.083351,22.240337,5.207211,1.9605604,-2.7911787,0.15360907,-0.8438227,0.105279475,0.095895834,0.043619104,-0.22388998,-1.6120598,0.0023610163,0.98108053,-0.056145027,0.64145064,-37.116493
-0.23387031,-0.23387007,-5.2926517,-5.2908335,0.13081646,5.4588137,4.0550904,22.201214,5.185913,1.9892404,-2.7958794,0.1617774,-0.84355813,0.11903863,0.10684443,0.033035856,-0.20047125,-1.5969918,0.0024700842,0.96525073,-0.058752526,0.62188375,-37.021744
-0.23085108,-0.23085085,-5.2671337,-5.256399,0.068509795,5.450418,4.0323563,22.162312,5.2202883,2.0103993,-2.782987,0.14370638,-0.8509197,0.16556814,0.10350634,0.028039701,-0.18562922,-1.5408878,0.0028028283,0.91287816,-0.060524777,0.6025742,-36.98448
-0.23079121,-0.23079097,-5.192795,-5.2243137,0.12253034,5.4470634,4.0080376,22.122278,5.2448125,1.9784615,-2.7714062,0.13766566,-0.85157716,0.1405924,0.11640595,-0.0007784485,-0.16482507,-1.5811682,3.2171636e-05,0.9300668,-0.061337262,0.6350699,-36.939693
-0.23379478,-0.23379454,-5.1453924,-5.276629,0.1346315,5.4455748,3.9801893,22.076468,5.2435946,2.0307813,-2.7668347,0.19856963,-0.8568635,0.15302923,0.11644988,-0.00023224899,-0.17104998,-1.5039524,-0.0028527516,0.9370558,-0.060717396,0.5663907,-36.862988
-0.20812759,-0.20812735,-5.1899014,-5.1690474,-0.0013770175,5.4416842,3.952867,22.042143,5.2385645,2.0400946,-2.777891,0.19775599,-0.84967315,0.1337388,0.10926895,0.0064328588,-0.16522145,-1.5216897,-0.017801879,0.952926,-0.063490756,0.58207744,-36.79358
-0.20431766,-0.20431742,-5.1614923,-5.039464,-0.034385934,5.4404583,3.9270844,21.999208,5.203672,2.0335388,-2.7766268,0.18059196,-0.8549061,0.15006533,0.09983781,0.020523664,-0.17369404,-1.5112433,-0.020459391,0.9436908,-0.064358205,0.58902884,-36.685448
-0.21793434,-0.2179341,-5.176127,-5.017508,-0.039479747,5.4359236,3.908617,21.958204,5.2129636,2.021327,-2.7710905,0.18047082,-0.85691434,0.17532688,0.09930451,0.01827188,-0.15637246,-1.5158304,-0.031279862,0.9609796,-0.0620918,0.56364036,-36.630516
-0.20648855,-0.20648831,-5.1685066,-4.9926276,-0.022695374,5.430458,3.8882623,21.912167,5.2005453,2.021208,-2.7691693,0.20106691,-0.8571458,0.14299858,0.09465264,0.013218239,-0.13086663,-1.5581297,-0.03445478,0.9828517,-0.059481315,0.57299167,-36.54594
-0.2031006,-0.20310037,-5.1985188,-4.8633366,-0.06023831,5.4275117,3.8584366,21.878357,5.25525,2.048077,-2.7675195,0.20648627,-0.85398483,0.113673344,0.091146305,0.014731575,-0.12749529,-1.5557511,-0.030946132,0.9561951,-0.05833176,0.5925807,-36.53238
-0.19272852,-0.19272828,-5.172108,-4.7619658,-0.17686504,5.4232354,3.834471,21.84232,5.265709,2.0228126,-2.769269,0.15539278,-0.85361224,0.088868186,0.09006027,0.017595097,-0.13045962,-1.6056284,-0.027291838,0.9284308,-0.06601575,0.6758,-36.477524
-0.17911619,-0.17911595,-5.1035137,-4.7262545,-0.15073186,5.4185047,3.8095665,21.81351,5.277695,1.9824458,-2.7791095,0.14570913,-0.848691,0.087510616,0.08586643,0.015329472,-0.13267034,-1.6389256,-0.02824625,0.9698113,-0.061398305,0.6772815,-36.429592
-0.16674995,-0.16674972,-5.0693607,-4.7492294,-0.025051326,5.411091,3.7909505,21.774897,5.310121,2.0266397,-2.787238,0.12549913,-0.8469832,0.11176688,0.08382784,0.017481528,-0.12798159,-1.5834429,-0.033471428,0.9186777,-0.06279028,0.67290074,-36.398117
-0.15800667,-0.15800643,-5.0773125,-4.708727,-0.055218,5.40526,3.7719495,21.741196,5.2751055,1.9918058,-2.7817788,0.11849345,-0.8488542,0.08661033,0.07802574,0.018798325,-0.12485711,-1.6408166,-0.035081483,0.9426011,-0.063791275,0.70791674,-36.30471
-0.16203305,-0.16203281,-5.067523,-4.638126,0.014804455,5.4050803,3.7425408,21.701212,5.288601,1.9786565,-2.7771964,0.079259194,-0.8501044,0.15380932,0.07378242,0.022489265,-0.10913095,-1.6032372,-0.045288082,0.92215586,-0.06593488,0.6833284,-36.246986
-0.15516439,-0.15516415,-4.9682913,-4.614968,0.01996668,5.4035816,3.7156684,21.661152,5.2733116,1.9648184,-2.773316,0.07351792,-0.8532944,0.1651061,0.07128606,0.019165775,-0.10296138,-1.5998249,-0.044441078,0.9255333,-0.06908998,0.6840967,-36.16314
-0.15095313,-0.1509529,-4.9860334,-4.469943,-0.026397012,5.398672,3.6961026,21.621176,5.293126,1.9241533,-2.7743528,0.06182732,-0.8580979,0.14920916,0.07611333,0.016879605,-0.10092381,-1.6694942,-0.051982015,0.96305007,-0.06787896,0.7152718,-36.115192
-0.15662998,-0.15662974,-4.9317207,-4.4589086,-0.0999565,5.3937087,3.6753256,21.58349,5.2656183,1.8722155,-2.7737463,0.06760265,-0.8554677,0.19165811,0.079073,0.012960003,-0.091100976,-1.6763971,-0.042636257,1.0107561,-0.07468316,0.6712023,-36.02445
-0.16461217,-0.16461194,-4.9883637,-4.3629503,-0.06687366,5.3892784,3.654396,21.544527,5.238187,1.9015069,-2.76516,0.047419965,-0.8610834,0.19872205,0.08047167,0.0142252855,-0.08072125,-1.6524456,-0.04996175,0.9599439,-0.077831015,0.69306225,-35.934765
-0.18432507,-0.18432483,-4.998442,-4.3321223,-0.023681782,5.3861423,3.6328712,21.507404,5.2254696,1.955765,-2.7773578,0.06675952,-0.86305714,0.20349488,0.081091434,-0.0022650668,-0.08268434,-1.5876054,-0.043564387,0.93073213,-0.07591836,0.669009,-35.859547
-0.18082848,-0.18082824,-4.94778,-4.2803497,-0.06516069,5.38037,3.6124206,21.466825,5.226128,1.9190539,-2.77458,0.060383506,-0.8631948,0.24348243,0.07638602,0.0032960915,-0.08278443,-1.5885673,-0.042701565,0.95731807,-0.077504665,0.6371319,-35.794746
-0.18667236,-0.18667212,-5.047783,-4.2065706,0.01571476,5.375436,3.5935943,21.43457,5.205278,1.9051034,-2.7773025,0.03621932,-0.8645005,0.23215759,0.08967993,-0.012287325,-0.08197368,-1.6139045,-0.040489484,0.94766843,-0.072366565,0.66881156,-35.721962
-0.17860794,-0.17860769,-5.0219755,-4.2034645,0.078744866,5.3710394,3.5712209,21.40022,5.1774282,1.8789054,-2.7735348,0.07955094,-0.86556077,0.22145681,0.09679758,-0.018529966,-0.08268605,-1.6423045,-0.042770542,1.0158002,-0.07459593,0.6394921,-35.636086
-0.17983255,-0.17983231,-5.0415854,-4.132156,0.1438521,5.3669243,3.5500314,21.357742,5.2040424,1.8844593,-2.7666068,0.0826812,-0.862102,0.17866631,0.0935718,-0.022736335,-0.09078254,-1.6474968,-0.035681,0.999439,-0.07302429,0.67412615,-35.59554
-0.1904368,-0.19043657,-4.9542527,-4.119233,0.09663297,5.3581257,3.530238,21.329395,5.177853,1.8861866,-2.7696457,0.10635155,-0.85915923,0.23563561,0.08997736,-0.020393446,-0.08895478,-1.5869765,-0.033835173,1.0226514,-0.075308844,0.5928313,-35.514923
-0.18960086,-0.18960062,-5.005803,-3.9635196,-0.013351453,5.3510323,3.5139856,21.289515,5.1781335,1.8610191,-2.7754316,0.12738532,-0.8580318,0.21985528,0.09256521,-0.033729482,-0.07355258,-1.6245743,-0.030980453,1.071821,-0.07282717,0.5839691,-35.452843
-0.20579952,-0.20579927,-4.9643297,-3.8510034,-0.015730882,5.342367,3.4977422,21.253414,5.1781077,1.8518753,-2.7739067,0.08473068,-0.858099,0.21018444,0.09160428,-0.037493292,-0.069899425,-1.6340771,-0.032044984,1.0377437,-0.071798645,0.6353471,-35.395176
-0.19754392,-0.19754367,-4.953921,-3.8195238,-0.017708808,5.3347626,3.480278,21.211601,5.179099,1.8470917,-2.772874,0.11636748,-0.85816705,0.19356322,0.09355601,-0.026694292,-0.07861124,-1.6584973,-0.027281728,1.0682658,-0.06979328,0.61841375,-35.330307
-0.18181819,-0.18181796,-4.9142265,-3.8494334,0.000579681,5.333585,3.4555955,21.171894,5.2190337,1.8732111,-2.7759886,0.1208003,-0.8548013,0.22045659,0.09022521,-0.027577562,-0.080471605,-1.5954989,-0.026695894,1.0490574,-0.06708649,0.5810245,-35.30682
-0.17794377,-0.17794354,-4.8783293,-3.7460315,-0.054052614,5.326536,3.4346354,21.137758,5.201372,1.8589151,-2.7673538,0.10750136,-0.862386,0.23176578,0.08409368,-0.02451777,-0.09800902,-1.5664988,-0.021817902,1.0364575,-0.064010754,0.5875244,-35.22769
-0.15144351,-0.15144327,-4.9302673,-3.6579597,-0.027192596,5.326631,3.4048655,21.106684,5.1910315,1.8431222,-2.7623172,0.10162692,-0.85597813,0.23304257,0.090133406,-0.034308806,-0.09560784,-1.5715013,-0.020997703,1.0404562,-0.062033664,0.5837521,-35.159515
-0.16748093,-0.16748069,-4.797359,-3.6953824,0.023630582,5.321968,3.3841834,21.073362,5.175568,1.8264016,-2.7630281,0.07218851,-0.8520169,0.26969105,0.09277041,-0.03551409,-0.09190701,-1.5433747,-0.031060858,1.0384494,-0.068166606,0.5787283,-35.085472
-0.18671584,-0.1867156,-4.7591953,-3.6418476,-0.06165438,5.3155627,3.367721,21.034061,5.1647177,1.8451709,-2.7598608,0.05111325,-0.85479,0.26636484,0.089551434,-0.028818432,-0.09922019,-1.5322616,-0.029248716,0.9935901,-0.0651487,0.60290694,-35.010864
-0.16929162,-0.16929138,-4.6896696,-3.6841578,-0.05140472,5.3120112,3.3460343,20.999983,5.1290827,1.8330573,-2.7560654,0.06448198,-0.8513271,0.27246177,0.0829643,-0.012768146,-0.10889585,-1.5362808,-0.030778656,1.0167489,-0.06529388,0.5801462,-34.917053
-0.17093745,-0.17093721,-4.6259646,-3.7494683,0.119558565,5.3050933,3.326316,20.970938,5.1164484,1.7929274,-2.76514,0.09291106,-0.84856904,0.2646318,0.093962744,-0.023477886,-0.100106835,-1.604691,-0.04174082,1.1053474,-0.063630275,0.5551434,-34.848244
-0.1540744,-0.15407416,-4.5475225,-3.7713618,0.113906726,5.2995405,3.3083847,20.9344,5.1250763,1.7578754,-2.7592235,0.09453668,-0.8489062,0.25232914,0.09983229,-0.036598355,-0.08968596,-1.6438076,-0.0450767,1.1395389,-0.062541075,0.5650726,-34.792995
-0.14792377,-0.14792351,-4.4967194,-3.82478,0.19089527,5.2941046,3.2944565,20.89502,5.1557326,1.7607669,-2.7529821,0.081352055,-0.8455053,0.2605987,0.10058432,-0.03311608,-0.0814539,-1.6426185,-0.044379726,1.1165886,-0.06748772,0.5715328,-34.76596
-0.14586438,-0.14586413,-4.4279666,-3.8583515,0.26731685,5.286714,3.2769423,20.857573,5.163164,1.7723538,-2.749906,0.119641215,-0.84711903,0.24806225,0.10762258,-0.03672741,-0.076537356,-1.6396282,-0.04794385,1.1438289,-0.06928312,0.5491798,-34.71247
-0.15497312,-0.1549729,-4.421801,-3.7836294,0.25084886,5.2841816,3.2559988,20.82154,5.1133924,1.795495,-2.7614253,0.10297046,-0.8513059,0.23628043,0.108678594,-0.040888123,-0.08516329,-1.634654,-0.03780811,1.1054347,-0.06301048,0.5755319,-34.607082
-0.16423693,-0.1642367,-4.3877,-3.6377118,0.13137887,5.2768364,3.2403038,20.782558,5.113472,1.7876501,-2.767143,0.07550599,-0.84577113,0.23771931,0.10211064,-0.015988754,-0.10391244,-1.6462699,-0.05131251,1.1050833,-0.06396628,0.59698284,-34.54387
-0.17534249,-0.17534225,-4.2693887,-3.6137075,0.11428915,5.2698627,3.2241018,20.74771,5.0817847,1.7944438,-2.7683847,0.06508509,-0.8396228,0.22830163,0.10898101,-0.01153377,-0.11208952,-1.6404283,-0.05658094,1.0944604,-0.06268625,0.609404,-34.45809
-0.19382602,-0.1938258,-4.2454233,-3.6018696,0.21152925,5.2634706,3.211282,20.696981,5.0961113,1.7706332,-2.7702556,0.08235214,-0.837155,0.18917173,0.105183296,-0.0052612172,-0.11862828,-1.7023753,-0.04896833,1.1298542,-0.066827595,0.6329634,-34.405632
-0.19319597,-0.19319572,-4.261014,-3.5297103,0.20984049,5.2595954,3.1913729,20.654802,5.122914,1.7999758,-2.7668555,0.08743034,-0.83617204,0.17802875,0.11320414,-0.022570416,-0.11061955,-1.6853167,-0.054495998,1.107749,-0.072924934,0.64416176,-34.365677
-0.18991166,-0.18991143,-4.19105,-3.5692244,0.22214271,5.2519016,3.1814992,20.60608,5.0995607,1.7844614,-2.7711873,0.07767907,-0.83153903,0.17955126,0.10749757,-0.022772845,-0.08437395,-1.7256253,-0.06459817,1.127996,-0.07081141,0.6456306,-34.277653
-0.18404543,-0.18404518,-4.1555314,-3.530937,0.13025767,5.2436137,3.1683648,20.566374,5.070602,1.7934365,-2.7583678,0.10726247,-0.8347726,0.1536895,0.10998104,-0.019385481,-0.09216189,-1.7264609,-0.07010533,1.1413391,-0.06412369,0.63846254,-34.18882
-0.20257466,-0.2025744,-4.047088,-3.5736585,0.105181225,5.23683,3.1472483,20.529152,5.072924,1.7580899,-2.7484238,0.12483035,-0.83927524,0.19876355,0.112953976,-0.030564157,-0.080023706,-1.715177,-0.062246412,1.1765583,-0.058418512,0.57463247,-34.126034
-0.20631701,-0.20631678,-4.0903997,-3.5161223,0.094877996,5.229892,3.1305187,20.491083,5.056781,1.7337536,-2.7470498,0.110438146,-0.8362939,0.19298743,0.10976359,-0.028267236,-0.07699314,-1.7451375,-0.059124608,1.1819743,-0.05874295,0.5921641,-34.049313
-0.17257781,-0.17257757,-4.0225234,-3.3905253,0.055567928,5.2277107,3.1121929,20.443657,5.062727,1.6652659,-2.7374046,0.12548399,-0.84779465,0.17179221,0.11124949,-0.019549357,-0.0850227,-1.8394623,-0.053743675,1.2504168,-0.05873718,0.60982513,-33.98655
