xR,xEGF,xRa,xR2,xRP,xPLCg,xRPL,xRPLP,xPLCgP,xGrb,xRG,xSOS,xRGS,xGS,xShc,xRSh,xRShP,xShP,xRShG,xShG,xRShGS,xShGS,xPLCgPI,xe1,xerp,xe2,xeplcg,xe3,xeshp
-0.59956974,-0.59956974,-17.405497,-30.295132,-3.6044958,-0.1785235,47.26685,-0.31775317,2.0060418,4.6457267,-3.067312,1.5784148,-0.9123803,-0.6660345,0.0,0.0,0.0,0.0,0.0,0.0,0.0,0.0,-48.795147,0.067242414,-0.067242414,-0.01853249,0.018532492,0.0,0.0
-0.5983256,-0.5983256,-17.303633,-30.31393,-3.4006329,0.0043073767,46.142883,0.6099119,1.9620247,4.6195154,-3.0613067,1.5972043,-0.9261066,-0.65745306,0.01487479,-0.009340659,-0.015198551,-0.013830029,0.004065373,0.035075866,-0.009061407,-0.004588033,-48.717278,0.07018633,-0.07018633,0.002055621,-0.002055621,0.001997249,-0.001997249
-0.5687008,-0.5687008,-17.393269,-30.290302,-3.2091057,0.18717761,45.044956,1.5295103,1.8213648,4.6672487,-3.0702128,1.6301568,-0.9214536,-0.71415377,0.024123902,-0.0019498535,-0.060784757,-0.0053489204,-0.0047150603,0.03801013,-0.0022633558,0.0077121323,-48.61546,0.03306419,-0.03306419,-0.03365084,0.03365084,-0.0052158935,0.0052158935
-0.57393897,-0.57393897,-17.419712,-30.280834,-2.993445,0.3655411,43.97564,2.406988,1.7520888,4.62458,-3.0654628,1.5471368,-0.92747474,-0.6697298,0.020959344,-0.00012212025,-0.07269344,0.011955142,-0.0010087301,-0.010899207,0.0030978157,0.04696966,-48.51426,0.047771465,-0.047771465,-0.016315872,0.016315872,-0.0017416695,0.0017416695
-0.5819239,-0.5819239,-17.325903,-30.10757,-3.0331576,0.5376917,42.929096,3.2552054,1.6732863,4.593557,-3.0618482,1.5108912,-0.9224651,-0.6523253,0.04022713,0.0013225025,-0.0708786,-0.003715293,-0.019911377,-0.0010523022,-0.0018082699,0.06567294,-48.442524,0.014147814,-0.014147814,-0.046937246,0.046937246,0.009856725,-0.009856725
-0.5683138,-0.5683138,-17.26537,-29.927485,-2.9929695,0.70816576,41.904976,4.0876856,1.6853731,4.641482,-3.0637398,1.446913,-0.929901,-0.61625594,0.03990609,-0.013714578,-0.08840563,0.054459855,-0.016502602,-0.11457912,0.0030267166,0.09618354,-48.433216,0.04586169,-0.04586169,-0.04496082,0.04496082,-0.03962557,0.03962557
-0.5515577,-0.5515577,-17.19601,-29.822174,-2.852594,0.8701335,40.915524,4.8855247,1.6621058,4.6201267,-3.0637212,1.4470222,-0.9380026,-0.604225,0.05224336,-0.032079585,-0.084655866,0.03295573,-0.03206175,-0.07741251,0.0021583117,0.092990406,-48.36171,0.103960946,-0.103960946,-0.02437149,0.02437149,-0.04586169,0.04586169
-0.5226506,-0.5226506,-16.992025,-29.89307,-2.79171,1.0333056,39.946423,5.660671,1.6523466,4.5651712,-3.070611,1.3987393,-0.94753647,-0.6024184,0.038733076,-0.02751119,-0.09312999,0.051996823,-0.018918667,-0.07675089,0.0071086115,0.14401793,-48.328457,0.014428412,-0.014428412,-0.030171383,0.030171383,0.025546174,-0.025546174
-0.5360602,-0.5360602,-16.847275,-29.861618,-2.7075014,1.1887985,39.000324,6.4182806,1.608386,4.5817113,-3.061941,1.3625776,-0.9442098,-0.6235557,0.0443442,-0.025541823,-0.09394354,0.07361429,-0.02263482,-0.13406025,0.00376023,0.20132844,-48.22846,0.013350953,-0.013350953,-0.0061383173,0.0061383173,0.04686642,-0.04686642
-0.5342344,-0.5342344,-16.867867,-29.638275,-2.6489031,1.3416232,38.076454,7.142574,1.6333238,4.486331,-3.0540476,1.3708256,-0.9389291,-0.61087364,0.047831606,-0.034492325,-0.083402865,-0.07090773,-0.033418924,-0.027371239,0.003935408,0.17494063,-48.2078,0.089824736,-0.089824736,-0.007212378,0.007212378,-0.02288603,0.02288603
-0.56709605,-0.56709605,-16.643013,-29.537682,-2.7320118,1.4904711,37.179783,7.851389,1.5863404,4.4379253,-3.0358813,1.36113,-0.9463338,-0.5907733,0.052894875,-0.04926076,-0.074481755,-0.032433245,-0.027313158,-0.0126015,0.0019328957,0.17393494,-48.126556,0.024287105,-0.024287105,-0.011835093,0.011835093,0.032671727,-0.032671727
-0.58910215,-0.58910215,-16.589132,-29.496569,-2.5890934,1.6346861,36.307056,8.536148,1.5342895,4.373909,-3.037058,1.3329654,-0.94570017,-0.49803907,0.04532929,-0.041081045,-0.1052766,-0.050930627,-0.024364611,0.021530274,0.003335025,0.107301295,-48.057938,0.017356716,-0.017356716,-0.04021476,0.04021476,-0.04415763,0.04415763
-0.6078812,-0.6078812,-16.52542,-29.316498,-2.557098,1.7754238,35.453144,9.190364,1.5138283,4.262594,-3.0404906,1.2953969,-0.9473747,-0.46502155,0.054548223,-0.025307762,-0.14446113,-0.06483481,-0.02310488,0.09752623,0.008842035,0.107986785,-47.94667,0.030589763,-0.030589763,-0.010269484,0.010269484,0.011194168,-0.011194168
-0.6328545,-0.6328545,-16.238037,-29.354536,-2.4416046,1.9155955,34.617958,9.829277,1.4837048,4.2542734,-3.0349529,1.3051834,-0.9475752,-0.47632474,0.05824825,-0.040975165,-0.1195441,-0.07025353,-0.026382437,0.11345316,0.010598536,0.107996926,-47.838917,0.055733584,-0.055733584,0.00883838,-0.00883838,0.033140663,-0.033140663
-0.6087342,-0.6087342,-16.059324,-29.240643,-2.4372518,2.043382,33.81252,10.434873,1.5174141,4.289483,-3.0393348,1.2851646,-0.9431673,-0.44731227,0.059292994,-0.034696642,-0.14037198,-0.033943843,-0.01829436,0.05462656,-0.0014348442,0.10660493,-47.80163,0.056589287,-0.056589287,0.0050923107,-0.0050923107,-0.008217487,0.008217487
-0.59996665,-0.59996665,-16.0077,-29.003746,-2.4679735,2.1675467,33.029213,11.0334635,1.5140654,4.260924,-3.0444837,1.256641,-0.93794286,-0.36217237,0.09115821,-0.036707453,-0.16573708,0.016805695,-0.031671256,0.07343115,0.0035162005,0.039786324,-47.751762,0.07261905,-0.07261905,-0.010871237,0.010871237,-0.0094183935,0.0094183935
-0.60065657,-0.60065657,-15.892126,-29.071814,-2.2602196,2.2899857,32.260914,11.60814,1.5234103,4.2359896,-3.05023,1.235495,-0.93556607,-0.35839087,0.1163651,-0.04183979,-0.17986321,0.021761542,-0.036910813,0.088332936,0.0009231581,0.05738794,-47.70293,0.045523524,-0.045523524,-0.026256088,0.026256088,0.026156079,-0.026156079
-0.63668215,-0.63668215,-15.721317,-28.88721,-2.3013225,2.4071536,31.5112,12.1639385,1.5282462,4.2684336,-3.0621648,1.2110039,-0.9423377,-0.36707124,0.12367178,-0.027770143,-0.1977078,0.034197524,-0.04122038,0.047899034,0.0059715966,0.09224337,-47.636703,0.040632125,-0.040632125,-0.03359558,0.03359558,0.037284277,-0.037284277
-0.61769664,-0.61769664,-15.573925,-28.727518,-2.3801203,2.5171578,30.779703,12.705137,1.5818416,4.2399163,-3.063766,1.2203177,-0.92989445,-0.42626673,0.11873026,-0.017158858,-0.18110108,-0.12200699,-0.048958655,0.095169306,0.013740095,0.12189594,-47.58052,0.05257818,-0.05257818,-0.0046736225,0.0046736225,-0.019691035,0.019691035
-0.6214276,-0.6214276,-15.547092,-28.49724,-2.4424849,2.6326284,30.059343,13.235426,1.5491679,4.277953,-3.0487702,1.1960714,-0.92916304,-0.47165895,0.1081721,-0.017783431,-0.17233075,-0.09197913,-0.0535696,0.022474766,0.013479648,0.1910788,-47.500546,0.061204545,-0.061204545,-0.032977052,0.032977052,-0.00045955833,0.00045955833
-0.63976455,-0.63976455,-15.400801,-28.424372,-2.387466,2.744917,29.362255,13.727181,1.5703968,4.251429,-3.0572133,1.1975905,-0.9318383,-0.437177,0.09229552,-0.010977637,-0.17876285,-0.096434474,-0.049549047,0.055076152,0.011612518,0.15965348,-47.417908,0.03933221,-0.03933221,-0.023220401,0.023220401,-0.017087521,0.017087521
-0.6730345,-0.6730345,-15.252968,-28.33421,-2.3646395,2.8457344,28.68768,14.210987,1.6406355,4.183717,-3.0558195,1.15468,-0.9336416,-0.4568482,0.09606584,-0.0041479752,-0.186754,-0.20036888,-0.04059854,0.06975275,0.015093147,0.22058377,-47.3669,0.029581547,-0.029581547,0.0072788317,-0.0072788317,-0.030373959,0.030373959
-0.645911,-0.645911,-15.22407,-28.16947,-2.384464,2.946649,28.026642,14.687656,1.6207689,4.0823984,-3.0569723,1.0758457,-0.93552274,-0.48594025,0.07637924,0.008663556,-0.19712533,-0.3191286,-0.030749759,0.08363674,0.017016057,0.3284329,-47.29167,0.029410182,-0.029410182,-0.020417674,0.020417674,-0.032874573,0.032874573
-0.64463353,-0.64463353,-15.133558,-28.005346,-2.3563592,3.0476813,27.380985,15.146135,1.6828259,3.988203,-3.0438519,1.0358304,-0.9478676,-0.44898605,0.08161156,-0.012942752,-0.18103075,-0.3010531,-0.047636993,0.14156409,0.016046032,0.34479582,-47.269463,0.057441913,-0.057441913,-0.021484157,0.021484157,0.041355856,-0.041355856
-0.6631621,-0.6631621,-15.125139,-27.855812,-2.312362,3.1441488,26.757881,15.585075,1.744765,3.975625,-3.0438416,0.9691753,-0.9418123,-0.4956628,0.06902725,-0.011556739,-0.16685608,-0.41947195,-0.0474171,0.08733933,0.0062596165,0.46185333,-47.225475,0.07367107,-0.07367107,-0.0016472944,0.0016472944,-0.020819675,0.020819675
-0.64445686,-0.64445686,-15.101174,-27.771168,-2.21618,3.2336051,26.156553,15.995673,1.7749577,3.9629962,-3.0419497,0.98902625,-0.9442642,-0.47853395,0.07229376,-0.0036756601,-0.18669572,-0.3758685,-0.060868643,0.13147663,-0.00013197276,0.43371323,-47.167923,0.052458238,-0.052458238,-0.012844652,0.012844652,0.010245062,-0.010245062
-0.6201651,-0.6201651,-15.195915,-27.429777,-2.3031118,3.320578,25.565277,16.398232,1.831619,3.9440536,-3.0485306,0.95207953,-0.9457722,-0.44111878,0.10440996,0.00887432,-0.19077615,-0.39290777,-0.058395147,0.117705055,-0.010697814,0.44533667,-47.15734,0.07497585,-0.07497585,-0.04770337,0.04770337,0.023552068,-0.023552068
-0.6201842,-0.6201842,-15.17268,-27.471504,-2.0833445,3.4042315,24.988615,16.793032,1.840934,3.912424,-3.0416703,0.95718944,-0.95557827,-0.46419066,0.13085087,-0.0031908108,-0.17627206,-0.49509376,-0.08050653,0.16980991,-0.007621249,0.47000223,-47.027523,0.0631362,-0.0631362,-0.010019816,0.010019816,0.007982716,-0.007982716
-0.6333835,-0.6333835,-15.002502,-27.246065,-2.219704,3.4845457,24.42805,17.171852,1.8228593,3.857208,-3.050084,0.9278556,-0.95301604,-0.4816852,0.1367804,-0.005361676,-0.17113344,-0.5940903,-0.08188502,0.20552726,0.003250897,0.5033692,-46.93123,0.0558651,-0.0558651,-0.030732464,0.030732464,-0.0035397569,0.0035397569
-0.62854624,-0.62854624,-14.919191,-27.12613,-2.19605,3.5794024,23.8688,17.530386,1.8250017,3.8420577,-3.0480387,0.9603569,-0.9490774,-0.39382344,0.11886494,0.0042072604,-0.18144098,-0.4990652,-0.082288936,0.25159958,0.006158737,0.37616333,-46.809418,0.05052651,-0.05052651,-0.012320618,0.012320618,-0.0057975063,0.0057975063
-0.6033387,-0.6033387,-14.897812,-26.954851,-2.2150965,3.6577077,23.328278,17.882912,1.8948355,3.85561,-3.0520697,0.8916485,-0.9519132,-0.38733467,0.12186345,-0.014725255,-0.16421458,-0.4800189,-0.0845453,0.17565492,0.008474553,0.43887496,-46.76716,0.029597603,-0.029597603,-0.009304266,0.009304266,0.0013678474,-0.0013678474
-0.59166837,-0.59166837,-14.846825,-26.745869,-2.277288,3.7349339,22.807657,18.217245,1.907101,3.7315633,-3.0417838,0.897688,-0.9525006,-0.39418072,0.12080928,-0.026442245,-0.13440892,-0.5997736,-0.08550497,0.29648933,0.012924673,0.43582225,-46.651585,0.052571263,-0.052571263,0.007397649,-0.007397649,0.019919764,-0.019919764
-0.58397865,-0.58397865,-14.652212,-26.715256,-2.2351203,3.811174,22.29868,18.541546,1.9929116,3.7079992,-3.0504944,0.87219363,-0.9597231,-0.35426453,0.13202779,-0.0315277,-0.14966205,-0.5609789,-0.076094426,0.2939967,0.010374495,0.43117267,-46.640167,0.01239155,-0.01239155,-0.0058519957,0.0058519957,0.049308848,-0.049308848
-0.6035094,-0.6035094,-14.411036,-26.692076,-2.1517181,3.883595,21.797058,18.851624,1.9561939,3.645546,-3.0682335,0.834926,-0.96149397,-0.36112735,0.13447082,-0.0104684755,-0.1655373,-0.67788243,-0.078891136,0.3396994,0.016550602,0.47088414,-46.49547,0.027258616,-0.027258616,-0.018254608,0.018254608,0.028826453,-0.028826453
-0.59999645,-0.59999645,-14.250916,-26.584562,-2.1734052,3.9542823,21.306747,19.161148,1.9763756,3.5652952,-3.070424,0.79630935,-0.9534217,-0.37185207,0.13468693,-0.019597108,-0.17485912,-0.73589754,-0.077890806,0.38245615,0.029046193,0.49968827,-46.40959,0.015094783,-0.015094783,-0.024141096,0.024141096,0.037633866,-0.037633866
-0.59852207,-0.59852207,-14.131158,-26.38923,-2.220011,4.0241933,20.835217,19.452776,2.0206232,3.5644488,-3.0757508,0.799205,-0.95063823,-0.37316447,0.1308163,-0.01651787,-0.15604103,-0.842546,-0.06826411,0.38179317,0.027089367,0.49729198,-46.35036,0.071628876,-0.071628876,-0.03154457,0.03154457,-0.04637749,0.04637749
-0.60503453,-0.60503453,-14.065199,-26.332605,-2.1434433,4.08932,20.364685,19.739353,2.1131456,3.6126223,-3.0708084,0.8030281,-0.9510253,-0.33307362,0.13952106,-0.03558154,-0.14855325,-0.68161964,-0.06813012,0.33237094,0.02961569,0.45122325,-46.29347,0.046276815,-0.046276815,-0.000537219,0.000537219,0.018846236,-0.018846236
-0.57475567,-0.57475567,-14.0128,-26.105263,-2.187934,4.1550155,19.915436,20.009417,2.1339545,3.6203523,-3.0717165,0.74062407,-0.95047116,-0.30680415,0.1501175,-0.056366943,-0.16089657,-0.6120571,-0.082885675,0.27780488,0.030485,0.48593944,-46.20167,0.043934695,-0.043934695,0.00022139846,-0.00022139846,0.03214041,-0.03214041
-0.56462723,-0.56462723,-13.783277,-26.159275,-2.0638294,4.2203274,19.470978,20.273499,2.1555402,3.678913,-3.0706925,0.73427,-0.95103514,-0.31811416,0.14057414,-0.048472583,-0.16940586,-0.6048294,-0.098348245,0.22721237,0.030788016,0.5038455,-46.157513,0.038208194,-0.038208194,-0.04677731,0.04677731,-0.01863525,0.01863525
-0.53570044,-0.53570044,-13.727529,-26.102695,-1.9642123,4.282177,19.046297,20.524143,2.2638016,3.6070123,-3.0760157,0.7168715,-0.94296217,-0.3669111,0.15052278,-0.055285968,-0.18752235,-0.6982646,-0.09839969,0.28703415,0.03645854,0.556283,-46.119858,0.04616194,-0.04616194,-0.0123696625,0.0123696625,-0.009172458,0.009172458
-0.5137957,-0.5137957,-13.671255,-25.995947,-1.9536247,4.340098,18.623865,20.77694,2.2356668,3.6338263,-3.0734885,0.74555016,-0.9444456,-0.3282913,0.15140274,-0.054058578,-0.1922372,-0.58724195,-0.10006675,0.28804126,0.035878964,0.4910348,-45.968487,0.028346963,-0.028346963,-0.0029342878,0.0029342878,0.032756824,-0.032756824
-0.54588795,-0.54588795,-13.558237,-25.75654,-2.0793123,4.397526,18.221176,20.994219,2.274769,3.6229389,-3.0832582,0.70440507,-0.9360879,-0.3128174,0.14955132,-0.035465874,-0.20680079,-0.6143547,-0.10358412,0.27119792,0.029777236,0.51442444,-45.887077,-0.009809988,0.009809988,-0.008826342,0.008826342,0.004746463,-0.004746463
-0.5468375,-0.5468375,-13.486584,-25.650318,-1.9714895,4.4501987,17.824636,21.203209,2.3978631,3.6318948,-3.087041,0.7044612,-0.92885804,-0.29175305,0.15396544,-0.032302517,-0.23966193,-0.60078794,-0.107488394,0.2700205,0.030300591,0.4855348,-45.872715,0.022127967,-0.022127967,-0.008736095,0.008736095,-0.040417966,0.040417966
-0.53222346,-0.53222346,-13.420574,-25.39125,-2.065449,4.4990025,17.446991,21.396126,2.4686117,3.5775216,-3.070662,0.7447028,-0.9297893,-0.32927725,0.15834299,-0.022394132,-0.25831002,-0.63232076,-0.11359902,0.35449976,0.039801285,0.4742305,-45.831676,0.052914746,-0.052914746,-0.032771498,0.032771498,0.0002522557,-0.0002522557
-0.51425433,-0.51425433,-13.321838,-25.247845,-2.1142168,4.5500784,17.064714,21.601372,2.49304,3.535383,-3.0772462,0.75397223,-0.92753774,-0.27349424,0.16747424,-0.02088177,-0.2585011,-0.6037438,-0.10550653,0.40422398,0.042455483,0.4042625,-45.736786,0.03703575,-0.03703575,-0.038174104,0.038174104,0.029783828,-0.029783828
-0.5333786,-0.5333786,-13.287231,-25.07253,-2.0987499,4.592393,16.707567,21.791718,2.5275018,3.4709463,-3.0788846,0.7580223,-0.92015934,-0.2541273,0.16166812,-0.0012420275,-0.2647955,-0.6908853,-0.11667103,0.4854039,0.04053544,0.3753587,-45.652733,0.07500528,-0.07500528,-0.042105842,0.042105842,-0.010625178,0.010625178
-0.5418427,-0.5418427,-13.216825,-24.833988,-2.2236915,4.6375966,16.353556,21.970161,2.5227578,3.4604385,-3.0690532,0.7282299,-0.92213845,-0.23968518,0.14595494,0.0037555585,-0.25497133,-0.6943716,-0.11847155,0.4579947,0.042974763,0.39023054,-45.50438,0.06706724,-0.06706724,-0.02800032,0.02800032,-0.026901169,0.026901169
-0.5470445,-0.5470445,-13.050282,-24.850197,-2.1618016,4.67326,16.008802,22.140675,2.5588987,3.448523,-3.0605564,0.7073892,-0.9157837,-0.2157469,0.14373405,0.020117844,-0.28990102,-0.6539095,-0.12476617,0.4468184,0.037460558,0.38629586,-45.40748,0.0036893378,-0.0036893378,-0.03157013,0.03157013,-0.034146,0.034146
-0.5311396,-0.5311396,-13.103253,-24.760435,-2.0997021,4.7131457,15.667058,22.310219,2.632923,3.5287147,-3.0653508,0.7251703,-0.9204358,-0.20657088,0.13505736,0.038694873,-0.28208792,-0.57106835,-0.11751151,0.38185626,0.027324237,0.37410647,-45.35729,-0.021088662,0.021088662,-0.038415927,0.038415927,-0.0136254765,0.0136254765
-0.5326326,-0.5326326,-12.957785,-24.710886,-1.9441521,4.7549114,15.337541,22.459116,2.737465,3.5018768,-3.0550303,0.73459136,-0.9187393,-0.24246663,0.14110938,0.02052294,-0.25645623,-0.63997567,-0.119527325,0.40959567,0.023385253,0.40279126,-45.273094,0.08893093,-0.08893093,0.009657595,-0.009657595,-0.018547125,0.018547125
-0.53754646,-0.53754646,-12.855625,-24.613869,-1.939051,4.795902,15.01281,22.60674,2.7938154,3.459393,-3.0573945,0.66485894,-0.9156022,-0.17743401,0.13705027,0.012228406,-0.2622966,-0.5815433,-0.12916231,0.39427954,0.023351774,0.40434825,-45.202515,0.03954553,-0.03954553,-0.0018359997,0.0018359997,-0.0017366775,0.0017366775
-0.5076419,-0.5076419,-12.791629,-24.452227,-1.9122301,4.8353314,14.689286,22.753353,2.7760828,3.4444466,-3.0635736,0.6437636,-0.9172097,-0.119436614,0.1295071,0.021709595,-0.25675336,-0.54579407,-0.13774778,0.40312266,0.016006147,0.3763809,-45.083244,0.08919207,-0.08919207,-0.038784914,0.038784914,0.006438692,-0.006438692
-0.5240461,-0.5240461,-12.698978,-24.442833,-1.829112,4.8781934,14.37572,22.877998,2.8257449,3.3965268,-3.0574675,0.64943266,-0.92109597,-0.0819415,0.1448819,0.0020312988,-0.23903114,-0.5512736,-0.13276744,0.44572115,0.017971367,0.33514518,-44.96722,0.03801151,-0.03801151,-0.020322792,0.020322792,0.022685926,-0.022685926
-0.5217769,-0.5217769,-12.59941,-24.322922,-1.858817,4.916931,14.075863,22.994656,2.8562865,3.320996,-3.046231,0.6462394,-0.91662997,-0.07984017,0.13547777,0.0007288896,-0.23335142,-0.59636134,-0.109403454,0.483554,0.011906508,0.33780712,-44.85469,0.03331,-0.03331,-0.021675874,0.021675874,0.030363189,-0.030363189
-0.48333156,-0.48333156,-12.498093,-24.288414,-1.7564323,4.9539495,13.785516,23.11034,2.8790398,3.3484247,-3.0454397,0.64315724,-0.91924,-0.088647395,0.12712567,0.02120437,-0.26343322,-0.6070561,-0.11381134,0.4568303,0.0035649568,0.36064258,-44.770664,0.041101143,-0.041101143,-0.051830556,0.051830556,-0.0149268,0.0149268
-0.45816374,-0.45816374,-12.487219,-24.133762,-1.8037981,4.9853873,13.504059,23.227331,2.9584317,3.2854927,-3.0536582,0.62339014,-0.90705365,-0.064989,0.13274437,0.026186481,-0.26619753,-0.6640178,-0.102531984,0.49696293,0.01071007,0.33740002,-44.71737,0.026475232,-0.026475232,-0.050662972,0.050662972,-0.02873769,0.02873769
-0.45395464,-0.45395464,-12.495399,-23.86131,-1.9116952,5.0185146,13.226585,23.331894,3.0593262,3.2937315,-3.0584764,0.5878241,-0.9073659,-0.037820697,0.15094855,0.0042251926,-0.25142968,-0.5789814,-0.09491502,0.4505329,0.01417733,0.342614,-44.66056,0.014834048,-0.014834048,-0.030977687,0.030977687,0.037177306,-0.037177306
-0.4644654,-0.4644654,-12.329531,-23.736187,-1.9427547,5.0477357,12.956092,23.43501,3.095488,3.3398056,-3.050073,0.5704019,-0.9107125,-0.04534266,0.16354467,0.002316115,-0.26652095,-0.55736834,-0.10422655,0.38804063,0.018776143,0.36630678,-44.559803,0.0024529812,-0.0024529812,-0.03497972,0.03497972,0.010874532,-0.010874532
-0.45510885,-0.45510885,-12.189362,-23.754158,-1.8093985,5.0730505,12.694258,23.535246,3.1661415,3.255419,-3.0471683,0.5712689,-0.90203446,-0.014505939,0.15915254,-0.0029464066,-0.25904036,-0.6486498,-0.105850875,0.47213417,0.015178633,0.3295315,-44.48168,0.03940138,-0.03940138,-0.02521549,0.02521549,-0.04048438,0.04048438
-0.48370156,-0.48370156,-12.117584,-23.467457,-1.9663757,5.1011133,12.43449,23.627941,3.214726,3.1538892,-3.0333257,0.5628469,-0.90743965,-0.009696567,0.16746154,0.0033952533,-0.25508544,-0.71161246,-0.11132486,0.55699813,0.011130589,0.3425923,-44.404655,0.033062454,-0.033062454,-0.039318625,0.039318625,0.0035624122,-0.0035624122
-0.49435532,-0.49435532,-12.055927,-23.378695,-1.8283333,5.1226277,12.183525,23.709446,3.2582924,3.1081195,-3.0395768,0.52559245,-0.8994518,-0.028359856,0.17111067,-0.0106322,-0.2623121,-0.7863965,-0.11249772,0.5730857,0.015230511,0.38644573,-44.28544,0.09893487,-0.09893487,-0.02477281,0.02477281,-0.025961153,0.025961153
-0.48599422,-0.48599422,-12.1682205,-23.136621,-1.9067488,5.1517105,11.933146,23.786736,3.2451787,3.0754263,-3.0403264,0.5151496,-0.90181094,-0.0586099,0.1692367,-0.01674517,-0.27548525,-0.80451953,-0.1037908,0.58748585,0.017278535,0.42746583,-44.1335,0.026074588,-0.026074588,-0.029800812,0.029800812,0.0009323559,-0.0009323559
-0.4916159,-0.4916159,-12.121397,-22.946215,-1.9436705,5.1804237,11.6881485,23.86277,3.2707605,3.104884,-3.026164,0.54074407,-0.9037999,-0.07413702,0.15931347,-0.0017588865,-0.29138252,-0.74773085,-0.10242833,0.5682238,0.02400396,0.41270134,-44.031483,0.05039013,-0.05039013,-0.04237858,0.04237858,0.020951305,-0.020951305
-0.48814276,-0.48814276,-12.123611,-22.774452,-1.9844685,5.201979,11.454439,23.933086,3.337637,3.0762148,-2.9928846,0.5613791,-0.91549873,-0.096833184,0.16492122,-0.0106122345,-0.30838546,-0.75808483,-0.10919927,0.5909286,0.01957254,0.43090284,-43.962517,0.0030972282,-0.0030972282,-0.047284797,0.047284797,0.020056304,-0.020056304
-0.47633472,-0.47633472,-12.062809,-22.717722,-1.8360038,5.2208605,11.230037,24.004644,3.384936,3.097937,-3.0013268,0.52962786,-0.9153284,-0.15758024,0.15601815,0.008083746,-0.3082459,-0.83577746,-0.10984443,0.546598,0.019069325,0.52375495,-43.880928,0.10140418,-0.10140418,-0.049726553,0.049726553,-0.00033102953,0.00033102953
-0.45530087,-0.45530087,-11.951788,-22.54416,-1.9743891,5.249286,11.00863,24.066895,3.4652343,3.0507486,-3.0014677,0.552019,-0.9172913,-0.15401489,0.15726791,-0.0057992116,-0.27905142,-0.91305906,-0.1115986,0.6180938,0.016338557,0.50251955,-43.808235,0.052087817,-0.052087817,-0.02564951,0.02564951,-0.015274579,0.015274579
-0.41799742,-0.41799742,-11.954588,-22.48714,-1.9189899,5.2767997,10.7841215,24.119335,3.4761908,3.1014218,-2.9874163,0.5381367,-0.92031986,-0.119791895,0.14372413,0.0068948213,-0.28952688,-0.83834326,-0.10962653,0.5373328,0.023381721,0.47818652,-43.690514,0.0319255,-0.0319255,-0.041932203,0.041932203,-0.047962397,0.047962397
-0.40548617,-0.40548617,-11.802289,-22.272997,-2.0503364,5.29749,10.572475,24.16343,3.4979248,3.1030924,-2.9895985,0.5056904,-0.9231788,-0.12631065,0.15876329,-0.01406186,-0.28879523,-0.75139654,-0.11450987,0.51023823,0.020370828,0.52304196,-43.56789,-0.003163805,0.003163805,-0.04704858,0.04704858,0.043666128,-0.043666128
-0.3726329,-0.3726329,-11.750166,-22.211136,-1.9227748,5.3183928,10.368969,24.199852,3.5708191,3.1006918,-2.9956045,0.51992595,-0.92274225,-0.15988286,0.1374882,0.015128023,-0.30548805,-0.82117224,-0.12565868,0.5438583,0.015855592,0.54649305,-43.475254,0.053271756,-0.053271756,-0.029528216,0.029528216,0.006514452,-0.006514452
-0.38621247,-0.38621247,-11.730199,-22.0955,-1.881617,5.3324633,10.165199,24.241383,3.5482693,3.043574,-2.982934,0.44487345,-0.9205376,-0.07212883,0.13540104,0.0122311525,-0.30573717,-0.7614,-0.12949774,0.5170077,0.013177606,0.53429675,-43.31783,0.05637707,-0.05637707,-0.044214983,0.044214983,0.015490693,-0.015490693
-0.41194227,-0.41194227,-11.634227,-21.857525,-2.0061727,5.34966,9.968276,24.275408,3.5831347,3.0466099,-2.9852223,0.41600585,-0.91538966,-0.085918196,0.12938087,0.0057910345,-0.2940622,-0.79516876,-0.12079592,0.47856942,0.012686778,0.5722759,-43.17716,0.05869659,-0.05869659,-0.015827637,0.015827637,-0.011311562,0.011311562
-0.43225905,-0.43225905,-11.61536,-21.778013,-1.9272958,5.364167,9.771723,24.3165,3.6209598,2.9708853,-2.9814029,0.37560073,-0.91208833,-0.082012944,0.15911642,-0.02279042,-0.29141265,-0.84024626,-0.11236706,0.50170445,0.018528333,0.5996144,-43.079247,0.0562471,-0.0562471,-0.02238952,0.02238952,0.01215887,-0.01215887
-0.42931634,-0.42931634,-11.4610405,-21.641117,-1.9805382,5.381935,9.584494,24.349827,3.6465454,2.894947,-2.969819,0.43281007,-0.91377187,-0.09228412,0.15243334,-0.014814777,-0.32681584,-0.87353814,-0.12641177,0.63717914,0.018298293,0.55455476,-42.96914,0.03289952,-0.03289952,-0.024266258,0.024266258,0.020898372,-0.020898372
-0.42772275,-0.42772275,-11.442008,-21.643822,-1.7355161,5.403287,9.398225,24.375618,3.6292744,2.913593,-2.9756622,0.43847406,-0.9069935,-0.105843216,0.17705339,-0.022488499,-0.3415067,-0.88752645,-0.12692629,0.6306234,0.021740604,0.55218637,-42.841297,0.10664422,-0.10664422,-0.053616494,0.053616494,0.0031704733,-0.0031704733
-0.4426754,-0.4426754,-11.287083,-21.607643,-1.7880183,5.4203825,9.22174,24.395834,3.7423859,2.911169,-2.9517832,0.49443826,-0.9198324,-0.11697654,0.18171033,-0.028117776,-0.30736953,-0.93468523,-0.13491458,0.6732181,0.013435267,0.5285114,-42.801285,0.02708108,-0.02708108,-0.038968913,0.038968913,-0.008194924,0.008194924
-0.42640337,-0.42640337,-11.242898,-21.574688,-1.7156677,5.4321914,9.051478,24.407833,3.7502096,2.912506,-2.9683132,0.48774633,-0.9145203,-0.14314166,0.18485776,-0.008749309,-0.31774008,-0.98115015,-0.13829957,0.68515927,0.012708855,0.556795,-42.662624,-0.0021273908,0.0021273908,-0.037395343,0.037395343,-0.0064002583,0.0064002583
-0.40074039,-0.40074039,-11.270948,-21.37466,-1.7039895,5.448489,8.879733,24.427925,3.765832,2.885698,-2.9787667,0.46409464,-0.9205503,-0.1109698,0.17375459,-0.013068227,-0.32662183,-0.9657167,-0.13301657,0.69359267,0.014010215,0.55301934,-42.56492,0.03356567,-0.03356567,-0.057665285,0.057665285,-0.0040278328,0.0040278328
-0.39106604,-0.39106604,-11.182355,-21.08636,-1.8745586,5.4631658,8.709916,24.440702,3.7420971,2.8277445,-2.964979,0.45806453,-0.92276144,-0.077646665,0.1737061,0.008075397,-0.37587377,-0.9885378,-0.13033198,0.729109,0.011402193,0.5305603,-42.380066,0.026931401,-0.026931401,-0.03722344,0.03722344,-0.04187217,0.04187217
-0.43893802,-0.43893802,-10.9909115,-21.01973,-1.8725054,5.480029,8.54739,24.442463,3.7376688,2.7927363,-2.965226,0.47295114,-0.9241669,-0.07592113,0.18899792,0.0040601827,-0.3497865,-0.9987371,-0.13124433,0.78018403,0.01614185,0.5106342,-42.25083,0.030656774,-0.030656774,-0.05474494,0.05474494,0.020269819,-0.020269819
-0.43167526,-0.43167526,-10.792424,-20.93915,-1.8710775,5.4924355,8.38857,24.447573,3.8507407,2.7344108,-2.9663053,0.4584853,-0.91925174,-0.096888855,0.19675463,0.0070575476,-0.38040724,-1.1178135,-0.13483696,0.82864547,0.014771134,0.54254085,-42.16871,0.032921165,-0.032921165,0.0013497564,-0.0013497564,-0.043269865,0.043269865
-0.45188218,-0.45188218,-10.820011,-20.807829,-1.7838153,5.505709,8.237357,24.44244,3.8228178,2.7784274,-2.9630427,0.42444995,-0.93197703,-0.10575862,0.21333915,0.001597545,-0.37357008,-1.0276701,-0.1372377,0.7497148,0.013947973,0.5990143,-42.035343,0.059786443,-0.059786443,-0.034062855,0.034062855,0.039157078,-0.039157078
-0.45890135,-0.45890135,-10.59741,-20.988077,-1.6201255,5.5079856,8.094586,24.421556,3.8972807,2.7352934,-2.9624853,0.4408481,-0.93438977,-0.07819841,0.20260131,0.016444523,-0.39236203,-1.0266224,-0.13397665,0.8055809,0.017135525,0.5542797,-41.956676,-0.011632677,0.011632677,-0.041563798,0.041563798,0.043098144,-0.043098144
-0.43703198,-0.43703198,-10.478809,-20.94032,-1.562876,5.519576,7.9537,24.4122,3.896307,2.6719527,-2.9783356,0.42741382,-0.9208929,-0.075199395,0.20593196,0.013643332,-0.38450003,-1.1466231,-0.13454854,0.8720199,0.01842952,0.54989254,-41.819244,0.016885063,-0.016885063,-0.043949906,0.043949906,-0.0057357755,0.0057357755
-0.41346687,-0.41346687,-10.383699,-20.789581,-1.6075166,5.5289764,7.8093615,24.39988,3.9283323,2.7160974,-2.973024,0.43249607,-0.9291451,-0.06250747,0.21705629,0.007425843,-0.37140924,-1.1548952,-0.14996743,0.8431196,0.0089011425,0.5498812,-41.681686,0.0043186364,-0.0043186364,-0.024993425,0.024993425,-0.049873218,0.049873218
-0.42172828,-0.42172828,-10.289247,-20.71171,-1.5442468,5.5346594,7.6743803,24.386723,3.966526,2.69809,-2.9705126,0.42292646,-0.9265687,-0.03640298,0.22569272,0.00924498,-0.36733252,-1.1170615,-0.16146123,0.86057734,0.018775612,0.52087194,-41.596756,0.050185308,-0.050185308,-0.046886504,0.046886504,-0.010680237,0.010680237
-0.44492567,-0.44492567,-10.234549,-20.589725,-1.4997079,5.5413904,7.5381603,24.370956,3.9933603,2.725275,-2.9865048,0.4121089,-0.9192291,-0.05963075,0.20494586,-0.0023877635,-0.3628657,-1.0408084,-0.15910888,0.8362386,0.021396976,0.5449707,-41.449867,0.06996576,-0.06996576,-0.020333022,0.020333022,0.04239816,-0.04239816
-0.43714702,-0.43714702,-10.292075,-20.31575,-1.6350434,5.544776,7.40636,24.358606,3.9950867,2.796286,-2.9977367,0.34798974,-0.9150928,-0.07594778,0.20187292,-0.008257816,-0.34302345,-1.0255952,-0.16245925,0.7156952,0.02050584,0.62216026,-41.31608,0.041828785,-0.041828785,-0.028525531,0.028525531,0.020915033,-0.020915033
-0.4185568,-0.4185568,-10.310866,-20.131533,-1.7177087,5.559224,7.268357,24.323885,4.056809,2.7831175,-2.9964209,0.29557374,-0.90505767,-0.15379994,0.21671218,-0.014171939,-0.33521968,-1.1892457,-0.17443365,0.6870427,0.019405615,0.74348176,-41.253426,-0.028971417,0.028971417,-0.06333471,0.06333471,-0.04641585,0.04641585
-0.44961965,-0.44961965,-10.197938,-20.157494,-1.5185264,5.566307,7.136797,24.301159,4.0923424,2.7224627,-2.9875715,0.30727607,-0.91194576,-0.16149677,0.2197603,-0.012568019,-0.32992628,-1.1853395,-0.19069168,0.7667577,0.017775768,0.74801594,-41.134033,0.022126488,-0.022126488,-0.05544202,0.05544202,0.033800244,-0.033800244
-0.4312755,-0.4312755,-10.1197605,-20.30946,-1.2474631,5.5673923,7.0192547,24.263046,4.1554146,2.6516933,-2.9827094,0.3026456,-0.9172099,-0.17976448,0.20259602,-0.010895666,-0.35907066,-1.290942,-0.18991402,0.82735574,0.025370823,0.7685566,-41.029083,0.013795087,-0.013795087,-0.041324235,0.041324235,-0.026924798,0.026924798
-0.4106238,-0.4106238,-10.012373,-20.19661,-1.2668552,5.5778646,6.889887,24.24158,4.2070265,2.6944737,-2.9804482,0.2641163,-0.9183613,-0.18085851,0.21798906,-0.018965421,-0.36857706,-1.2267948,-0.18312113,0.73707664,0.031223498,0.8034573,-40.92945,0.01690466,-0.01690466,-0.02853633,0.02853633,-0.0076972973,0.0076972973
-0.3477794,-0.3477794,-10.0420885,-20.049662,-1.2500718,5.5875087,6.764732,24.215881,4.1947355,2.6176617,-2.9680765,0.27668047,-0.9198851,-0.21809421,0.2142134,-0.019062605,-0.38378835,-1.3009491,-0.17452505,0.80557597,0.02895956,0.8318965,-40.780647,0.04755317,-0.04755317,-0.031822234,0.031822234,0.002337499,-0.002337499
-0.3650559,-0.3650559,-10.111591,-19.725012,-1.4472086,5.5965576,6.6440277,24.188456,4.181448,2.6236,-2.9804916,0.25544003,-0.9146056,-0.17976612,0.20993532,-0.022789609,-0.3557105,-1.2825284,-0.18306378,0.79944384,0.038804702,0.7996758,-40.652416,0.002417717,-0.002417717,-0.054277472,0.054277472,0.0037850225,-0.0037850225
-0.3244559,-0.3244559,-10.148881,-19.751682,-1.2487296,5.6022997,6.530562,24.15791,4.187652,2.553831,-2.9709773,0.28128034,-0.9086088,-0.15138577,0.20931326,-0.02924887,-0.3277392,-1.3668299,-0.16627218,0.8689431,0.034878813,0.7433818,-40.523155,0.08155039,-0.08155039,-0.055993713,0.055993713,-0.033557195,0.033557195
-0.33886424,-0.33886424,-9.977054,-19.624727,-1.3885347,5.608903,6.42056,24.114819,4.28469,2.5268652,-2.971223,0.26492184,-0.9110032,-0.116576724,0.21361066,-0.04101682,-0.3361578,-1.3004013,-0.1464796,0.86001915,0.02899497,0.73318785,-40.448277,-0.014709094,0.014709094,-0.027969724,0.027969724,0.01177504,-0.01177504
-0.3067064,-0.3067064,-9.858532,-19.46974,-1.4743811,5.612918,6.3163815,24.07479,4.3109393,2.5000257,-2.9706213,0.30579534,-0.9097761,-0.057520445,0.21908276,-0.05144443,-0.32537848,-1.3204253,-0.14974514,0.9304898,0.024568478,0.63641804,-40.366066,-0.02012813,0.02012813,-0.05918962,0.05918962,-0.036412977,0.036412977
-0.27790946,-0.27790946,-9.764948,-19.374222,-1.3941926,5.617046,6.208221,24.021534,4.319843,2.4941945,-2.9757278,0.30139917,-0.91548467,-0.059196286,0.20379749,-0.022747068,-0.35152376,-1.261027,-0.14237751,0.9295826,0.024025667,0.6487688,-40.213696,0.05409868,-0.05409868,-0.057221312,0.057221312,0.028524047,-0.028524047
-0.29124263,-0.29124263,-9.704823,-19.197971,-1.4714296,5.615521,6.0996947,23.991137,4.3309693,2.4753559,-2.9715648,0.32426998,-0.9106055,-0.045852855,0.20526321,-0.018688036,-0.35462087,-1.2951975,-0.14353012,0.9681376,0.025931291,0.60575116,-40.048386,0.048529387,-0.048529387,-0.019017747,0.019017747,-0.006927344,0.006927344
-0.29075003,-0.29075003,-9.669992,-19.031387,-1.5765438,5.617692,5.9983377,23.951847,4.2549734,2.428033,-2.9687438,0.3433783,-0.9184191,-0.037710752,0.21102016,-0.01032637,-0.34614968,-1.3216476,-0.14065719,1.0287669,0.018370165,0.59390545,-39.8815,-0.005497043,0.005497043,-0.06637063,0.06637063,0.03330471,-0.03330471
-0.31260303,-0.31260303,-9.637235,-18.8972,-1.539624,5.6205597,5.9008613,23.899532,4.255854,2.44388,-2.9665656,0.32923478,-0.92419314,-0.017362703,0.19809446,-0.011744615,-0.32852653,-1.3169571,-0.14882803,1.004782,0.012054501,0.5998258,-39.725216,0.019003013,-0.019003013,-0.05369877,0.05369877,0.0087223435,-0.0087223435
-0.27891326,-0.27891326,-9.483849,-18.81769,-1.5364215,5.619419,5.8119483,23.858543,4.370955,2.433692,-2.9734879,0.34668973,-0.9113672,-0.03440224,0.20322126,-0.0063571725,-0.33840328,-1.3023825,-0.15270099,1.0431911,0.013991074,0.58467716,-39.682648,0.06546235,-0.06546235,-0.024019409,0.024019409,0.04526152,-0.04526152
-0.2753392,-0.2753392,-9.487881,-18.67815,-1.5783696,5.620713,5.7181497,23.806679,4.370238,2.3024614,-2.9668338,0.36090392,-0.9091041,-0.02114525,0.2165476,-0.009399595,-0.35807317,-1.4733357,-0.12988627,1.1591941,0.008557449,0.56041,-39.552727,0.019942844,-0.019942844,-0.04240656,0.04240656,-0.025954429,0.025954429
-0.29623014,-0.29623014,-9.391104,-18.742174,-1.4134192,5.6161833,5.633022,23.749933,4.4892783,2.2660336,-2.9716568,0.3018084,-0.906917,-0.0014203335,0.22540498,-0.015732452,-0.3574587,-1.5078766,-0.12037937,1.131853,0.009210609,0.5969401,-39.514336,0.019254077,-0.019254077,-0.032992516,0.032992516,-0.038006097,0.038006097
-0.34901148,-0.34901148,-9.334122,-18.637434,-1.324247,5.620831,5.545562,23.700918,4.4990277,2.314017,-2.986889,0.3151019,-0.8951649,0.010385912,0.21143243,-0.031961128,-0.32604077,-1.4212873,-0.12799406,1.1198492,0.011137446,0.55815065,-39.392735,0.08542048,-0.08542048,-0.033478446,0.033478446,-0.006690262,0.006690262
-0.32674512,-0.32674512,-9.212368,-18.395088,-1.5704453,5.623887,5.4591017,23.657055,4.5138016,2.3027575,-2.987035,0.30311075,-0.8921276,0.02586391,0.187196,-0.019185834,-0.33906323,-1.4129586,-0.138192,1.1293701,0.015162364,0.54756796,-39.301712,0.019025285,-0.019025285,-0.05654691,0.05654691,-0.030083172,0.030083172
-0.31865957,-0.31865957,-9.1716585,-18.27656,-1.4804028,5.6195316,5.3768573,23.601809,4.5718784,2.2162526,-2.9796677,0.3365306,-0.9052996,0.045955446,0.2181802,-0.033957426,-0.33583838,-1.4977392,-0.15063277,1.2544243,0.00868115,0.51371753,-39.186874,0.07910803,-0.07910803,-0.024261579,0.024261579,-0.0231468,0.0231468
-0.35394186,-0.35394186,-9.046414,-18.263657,-1.4841722,5.617835,5.301815,23.542137,4.6089096,2.2135854,-2.9849834,0.34024936,-0.90102184,-0.0074414006,0.22106944,-0.04899984,-0.30259794,-1.5901388,-0.14633217,1.2617881,0.0072001326,0.5606383,-39.11746,0.018954363,-0.018954363,-0.05315922,0.05315922,-0.037358027,0.037358027
-0.3411045,-0.3411045,-9.006611,-18.04978,-1.596011,5.614667,5.2181683,23.490196,4.6323323,2.2670832,-2.978009,0.3208702,-0.9020623,0.0024839053,0.21469632,-0.029371757,-0.32050002,-1.4910266,-0.14325011,1.1788027,0.0035375115,0.5747939,-38.9863,0.018002542,-0.018002542,-0.036934182,0.036934182,-0.012307024,0.012307024
-0.336815,-0.336815,-9.007373,-17.758263,-1.7459803,5.6096992,5.1410837,23.439259,4.633569,2.2798166,-2.9611592,0.3167333,-0.8989136,0.04014463,0.1943136,-0.018943623,-0.32540053,-1.3986316,-0.15450615,1.1564081,0.001780958,0.5398388,-38.86246,0.0463229,-0.0463229,-0.042854723,0.042854723,-0.0051261266,0.0051261266
-0.29421315,-0.29421315,-9.058811,-17.778246,-1.6481348,5.605866,5.0655766,23.367214,4.664335,2.2973194,-2.9466648,0.3066728,-0.9030225,0.08033736,0.20334858,-0.028778484,-0.3212323,-1.3218321,-0.13584375,1.0958902,-0.0032079956,0.5187824,-38.77144,-0.008981021,0.008981021,-0.069957115,0.069957115,0.0071319058,-0.0071319058
-0.29588372,-0.29588372,-8.977596,-17.524317,-1.7478485,5.609541,4.9883575,23.299114,4.7315893,2.226944,-2.9496927,0.29330716,-0.9004426,0.122127615,0.20728946,-0.021800695,-0.36035806,-1.3309962,-0.12221567,1.1423119,0.0040936675,0.48049298,-38.68868,0.027485002,-0.027485002,-0.05899051,0.05899051,-0.0011930063,0.0011930063
-0.30064857,-0.30064857,-8.875467,-17.469444,-1.7557352,5.597477,4.9230695,23.245106,4.7183366,2.2535152,-2.9743605,0.31623656,-0.888085,0.098437876,0.21401724,-0.015591839,-0.36435434,-1.332467,-0.1081249,1.1493943,-0.00029847503,0.4732685,-38.57354,0.0019376859,-0.0019376859,-0.08709817,0.08709817,0.015828595,-0.015828595
-0.27977726,-0.27977726,-8.757938,-17.367298,-1.7135375,5.5927386,4.8546047,23.182762,4.759574,2.2271395,-2.9761472,0.31444117,-0.88471866,0.14206244,0.20755512,-0.019987544,-0.37282246,-1.2656478,-0.10595617,1.1736581,0.002637838,0.42510468,-38.42843,0.0797221,-0.0797221,-0.032363366,0.032363366,0.044535764,-0.044535764
-0.26249078,-0.26249078,-8.669086,-17.31307,-1.759625,5.590467,4.7814493,23.1227,4.7306294,2.2208426,-2.972603,0.32833612,-0.89937574,0.11989195,0.19829339,-0.008113195,-0.38593072,-1.3180009,-0.11104238,1.1955439,0.0060876817,0.44458985,-38.28606,-0.0059749936,0.0059749936,-0.051636495,0.051636495,0.021421982,-0.021421982
-0.25162998,-0.25162998,-8.646694,-17.361036,-1.5314087,5.587003,4.7201223,23.039293,4.6907396,2.2113118,-2.9575722,0.37571532,-0.901232,0.17543319,0.2116828,-0.007997902,-0.40800747,-1.2541816,-0.11331946,1.2398267,0.005152913,0.34447196,-38.098846,0.03372008,-0.03372008,-0.04983894,0.04983894,0.017624024,-0.017624024
-0.2261608,-0.2261608,-8.618781,-17.41047,-1.388473,5.5837007,4.6485844,22.978258,4.7781034,2.2088776,-2.9649057,0.37150514,-0.897377,0.14196551,0.2021624,0.004082921,-0.4433567,-1.2570281,-0.10317907,1.2352211,0.0023033104,0.38112104,-38.026768,0.0008538002,-0.0008538002,-0.025200855,0.025200855,0.021318678,-0.021318678
-0.23552372,-0.23552372,-8.531126,-17.487267,-1.1093562,5.57809,4.5825562,22.911793,4.785632,2.1721005,-2.9758515,0.33044085,-0.89322025,0.06475474,0.18728596,0.009282906,-0.46088603,-1.3929372,-0.11275645,1.2514877,0.0008140116,0.4967106,-37.90133,0.07993344,-0.07993344,-0.032966834,0.032966834,-0.02100504,0.02100504
-0.23295179,-0.23295179,-8.414452,-17.449535,-1.2009552,5.5723076,4.5235205,22.843826,4.791399,2.214104,-2.969876,0.3583722,-0.88890755,-0.011065664,0.1988509,0.028267568,-0.4807592,-1.4483482,-0.11311956,1.2319846,0.0071070734,0.53399503,-37.796143,-0.0250891,0.0250891,-0.054410286,0.054410286,-0.042026196,0.042026196
-0.24481538,-0.24481538,-8.309458,-17.105526,-1.376884,5.564399,4.4633646,22.772552,4.821109,2.1480622,-2.9806476,0.2925061,-0.87677,-0.07461947,0.20181584,0.027074782,-0.48444346,-1.5554953,-0.11687043,1.2466747,0.0030028366,0.65537405,-37.66402,0.04728506,-0.04728506,-0.034095794,0.034095794,-0.022879245,0.022879245
-0.22373806,-0.22373806,-8.217818,-16.805641,-1.639936,5.5526257,4.4047523,22.69728,4.7969236,2.1700287,-2.9740791,0.32301155,-0.8789524,-0.07213408,0.18707779,0.027406646,-0.46451375,-1.528265,-0.12244877,1.2542113,0.0016239033,0.6259717,-37.499775,0.023854723,-0.023854723,-0.043302793,0.043302793,-0.01895717,0.01895717
-0.21029024,-0.21029024,-8.1905985,-16.719988,-1.5774877,5.546714,4.343852,22.635437,4.8272085,2.1866665,-2.9833465,0.3089885,-0.8770359,-0.043437928,0.1916909,0.015586749,-0.4538964,-1.4407551,-0.114203535,1.2245555,0.0027821572,0.6082554,-37.386215,0.06922353,-0.06922353,-0.03174428,0.03174428,0.03399791,-0.03399791
-0.24019223,-0.24019223,-8.048774,-16.719376,-1.570209,5.5379333,4.2866583,22.56675,4.823079,2.201519,-2.9869704,0.31403857,-0.87300605,-0.012305766,0.20007497,0.02315405,-0.47723782,-1.4360089,-0.12046842,1.2246394,0.00040327717,0.5704348,-37.247818,-0.016655833,0.016655833,-0.03405898,0.03405898,-0.01503369,0.01503369
-0.2446892,-0.2446892,-8.019861,-16.712631,-1.3784541,5.526301,4.237993,22.492735,4.8261433,2.1708753,-3.0010755,0.2831189,-0.8730277,-0.03248243,0.19288182,0.033701796,-0.47712013,-1.4816618,-0.1018684,1.2197162,-0.010774144,0.6327528,-37.10295,0.07705383,-0.07705383,-0.02192196,0.02192196,0.007597143,-0.007597143
-0.24140681,-0.24140681,-7.936145,-16.60036,-1.4302545,5.520873,4.181619,22.416153,4.8432226,2.158093,-2.9966173,0.2421723,-0.86880445,-0.05308136,0.18043856,0.016920015,-0.46678,-1.4338313,-0.10637126,1.1914834,-0.010901147,0.6902063,-37.01493,0.04680491,-0.04680491,-0.056739274,0.056739274,0.06114304,-0.06114304
-0.24833804,-0.24833804,-7.8399534,-16.667198,-1.3168238,5.5133924,4.1360874,22.339806,4.8798475,2.1202097,-2.9945424,0.2773329,-0.86709213,-0.07436247,0.16993672,0.04681176,-0.5044661,-1.592595,-0.095921606,1.2520276,-0.012853799,0.67655677,-36.852654,0.021191753,-0.021191753,0.010292148,-0.010292148,-0.060522527,0.060522527
-0.22605982,-0.22605982,-7.879929,-16.56049,-1.3014998,5.5066314,4.0816703,22.275517,4.846833,2.1766894,-2.999883,0.2508861,-0.86645794,0.009460032,0.19015771,0.018154543,-0.46056557,-1.4400687,-0.0999195,1.178578,-0.01086038,0.6165862,-36.709545,0.02422215,-0.02422215,-0.007867349,0.007867349,-0.007955803,0.007955803
-0.20255455,-0.20255455,-7.9395294,-16.470896,-1.2250054,5.506678,4.025084,22.195646,4.7903304,2.135104,-2.9904,0.29668528,-0.87229365,-0.0071581034,0.19171332,0.004272742,-0.45989,-1.5157447,-0.09666142,1.2533334,-0.015506712,0.59789884,-36.550106,0.024035528,-0.024035528,-0.042848267,0.042848267,-0.04059668,0.04059668
-0.20165974,-0.20165974,-7.909099,-16.41457,-1.220711,5.505195,3.9651465,22.122522,4.8153515,2.1207626,-2.9761782,0.28755352,-0.8721374,-0.10109308,0.20035838,0.0032353094,-0.46032804,-1.5448723,-0.08804249,1.2358836,-0.021429015,0.70671487,-36.439854,-0.01841641,0.01841641,-0.04153519,0.04153519,0.031509675,-0.031509675
-0.22404486,-0.22404486,-7.916702,-16.135132,-1.3831067,5.501527,3.913315,22.044487,4.8531494,2.1227055,-2.981325,0.25070828,-0.862396,-0.08985695,0.21088055,-0.011295168,-0.45016444,-1.586677,-0.07997194,1.1943334,-0.023201378,0.7243822,-36.35283,-0.041086752,0.041086752,-0.05364097,0.05364097,-0.021722548,0.021722548
-0.22576429,-0.22576429,-7.858335,-16.076488,-1.3518327,5.4879,3.8742185,21.975409,4.8033957,2.1372886,-2.9761548,0.26857796,-0.8659864,-0.0006675583,0.2042531,-0.011988543,-0.44031057,-1.4750506,-0.07757814,1.1902094,-0.01824605,0.61598474,-36.204945,-0.011446639,0.011446639,-0.07738835,0.07738835,-0.0127230855,0.0127230855
-0.25226155,-0.25226155,-7.8988028,-16.02108,-1.2933396,5.478487,3.8248425,21.907122,4.8595552,2.1031651,-2.9756694,0.22723526,-0.8649016,0.03191919,0.20140181,-0.009065278,-0.41982263,-1.3918209,-0.07334397,1.1783868,-0.019838523,0.62526786,-36.084347,-0.019908544,0.019908544,-0.028169986,0.028169986,0.09116553,-0.09116553
-0.23028618,-0.23028618,-7.883383,-16.025024,-1.1812944,5.466362,3.780117,21.826511,4.8309293,2.0967896,-2.963776,0.2683537,-0.87323713,0.03416463,0.20556246,-0.0060344995,-0.3963219,-1.5022525,-0.066835314,1.2076294,-0.020684265,0.5910706,-35.93454,0.018073712,-0.018073712,-0.045289986,0.045289986,0.012135545,-0.012135545
-0.22084315,-0.22084315,-7.7148094,-16.014885,-1.1647226,5.4597244,3.728445,21.758142,4.796654,2.0879025,-2.9543445,0.23385668,-0.87582433,0.044916734,0.19596861,0.004748165,-0.43285632,-1.4649657,-0.054893367,1.1606693,-0.016369544,0.61306685,-35.77868,0.011331003,-0.011331003,-0.04819717,0.04819717,0.005382195,-0.005382195
-0.2522906,-0.2522906,-7.721776,-15.780391,-1.2046187,5.455339,3.6849232,21.670916,4.788818,2.042599,-2.9316344,0.20634493,-0.884778,0.09048917,0.20328936,-0.0064243637,-0.45517027,-1.4097185,-0.0430379,1.143994,-0.020455081,0.60801506,-35.60942,0.04374706,-0.04374706,-0.019170048,0.019170048,0.02051596,-0.02051596
-0.2558205,-0.2558205,-7.552184,-15.896349,-1.1082075,5.4410605,3.647499,21.592361,4.6893897,2.0066273,-2.9257364,0.21189484,-0.8859393,0.118383415,0.2283048,-0.014090245,-0.46321952,-1.4566493,-0.03553259,1.1722013,-0.014353682,0.56962365,-35.411133,-0.0064861216,0.0064861216,-0.049177848,0.049177848,-0.0136930365,0.0136930365
-0.2604598,-0.2604598,-7.486608,-15.747176,-1.137522,5.4349394,3.6010482,21.521439,4.6987004,2.0205245,-2.9217741,0.2372886,-0.8873763,0.13438334,0.23485737,-0.026360035,-0.4685941,-1.3705914,-0.041211605,1.185516,-0.0121212015,0.5274501,-35.28419,0.0072323526,-0.0072323526,-0.035966195,0.035966195,0.02898277,-0.02898277
-0.25190654,-0.25190654,-7.5207877,-15.75841,-1.0123738,5.424447,3.564097,21.448862,4.7130733,1.9712191,-2.9242191,0.21764329,-0.8838721,0.081448846,0.24467626,-0.02159081,-0.4682999,-1.5316703,-0.030028354,1.2065709,-0.019238612,0.6036751,-35.171513,0.007912675,-0.007912675,-0.029135603,0.029135603,-0.015867302,0.015867302
-0.23298891,-0.23298891,-7.4804716,-15.628241,-1.0405564,5.411842,3.5258613,21.372698,4.6283054,1.9355538,-2.9112725,0.19905928,-0.88644266,0.13167979,0.24981803,-0.052143574,-0.41784,-1.5168197,-0.038412042,1.2191503,-0.026254158,0.58164614,-34.973057,0.0387059,-0.0387059,-0.043707766,0.043707766,-0.0008147857,0.0008147857
-0.25957108,-0.25957108,-7.2913327,-15.509788,-1.1299747,5.4063787,3.483453,21.287113,4.6718297,1.9235699,-2.9108832,0.17906214,-0.88089406,0.12623027,0.26568398,-0.062814526,-0.4255585,-1.5484846,-0.040944688,1.2134192,-0.029207893,0.60452634,-34.872276,0.0014336207,-0.0014336207,-0.035082296,0.035082296,-0.02335287,0.02335287
-0.28318608,-0.28318608,-7.2479286,-15.471478,-1.0523756,5.393308,3.4522643,21.194225,4.646992,1.8458593,-2.9064448,0.14458358,-0.88051575,0.19084807,0.25402895,-0.053724796,-0.4117299,-1.5173109,-0.04603266,1.2574444,-0.023395633,0.5682112,-34.73017,0.029930273,-0.029930273,-0.056724645,0.056724645,0.027513187,-0.027513187
-0.2962462,-0.2962462,-7.276661,-15.411233,-1.0782509,5.385078,3.4132376,21.118923,4.6939516,1.8923287,-2.9044752,0.111677095,-0.8863314,0.1329428,0.23335633,-0.048550457,-0.4081152,-1.5215956,-0.037246894,1.1674118,-0.018068096,0.6594893,-34.64226,-0.053488895,0.053488895,-0.046054948,0.046054948,0.026696842,-0.026696842
-0.3062756,-0.3062756,-7.179742,-15.2551365,-1.1002605,5.376407,3.3779962,21.040386,4.7415047,1.8313036,-2.8948965,0.1119347,-0.8852661,0.13699655,0.24320614,-0.036106557,-0.43368697,-1.5966294,-0.03310053,1.215039,-0.019144982,0.65515745,-34.555405,0.008975616,-0.008975616,-0.035313956,0.035313956,-0.005247284,0.005247284
-0.28752667,-0.28752667,-7.290405,-15.100993,-1.1338253,5.3679786,3.3411922,20.963888,4.720087,1.7955998,-2.8906627,0.102848426,-0.88927567,0.1668044,0.22475621,-0.023982419,-0.43758023,-1.5549839,-0.023477638,1.2279581,-0.005647349,0.62491214,-34.428825,0.0031937484,-0.0031937484,-0.049602617,0.049602617,0.03198497,-0.03198497
-0.27258426,-0.27258426,-7.2279043,-15.067976,-1.0956517,5.361912,3.301776,20.880993,4.7712545,1.7757524,-2.8892808,0.0714526,-0.8924146,0.14743778,0.22021565,-0.015811626,-0.4457524,-1.5727737,-0.017873446,1.2095023,-0.0104370825,0.6835673,-34.338547,-0.008610707,0.008610707,-0.0335676,0.0335676,0.050672792,-0.050672792
-0.29444015,-0.29444015,-7.1590986,-14.931381,-1.0657724,5.3509946,3.2693415,20.797413,4.8266997,1.7599268,-2.8912907,0.06666106,-0.8899709,0.17011914,0.22317535,-0.05290195,-0.42513636,-1.5781391,-0.014481733,1.2192976,-0.0153978355,0.6681763,-34.283962,0.049064904,-0.049064904,-0.046310984,0.046310984,0.024632199,-0.024632199
-0.3335054,-0.3335054,-7.153183,-14.711904,-1.2189839,5.346275,3.2305555,20.717714,4.8046684,1.7081683,-2.8952088,0.11523132,-0.8861186,0.15069956,0.19963878,-0.037840836,-0.42568028,-1.6442268,-0.0122340005,1.3214248,-0.021239445,0.64098656,-34.155415,-0.007513555,0.007513555,-0.05862396,0.05862396,0.020875955,-0.020875955
-0.31534457,-0.31534457,-7.1912136,-14.641024,-1.1127288,5.336622,3.1903086,20.630566,4.876546,1.7198604,-2.897109,0.13097373,-0.88501513,0.08271321,0.21103652,-0.033885766,-0.44551122,-1.723211,-0.010200319,1.3253844,-0.027565882,0.69842887,-34.10043,0.012383953,-0.012383953,-0.0685014,0.0685014,-0.0054663527,0.0054663527
-0.30158266,-0.30158266,-7.2250767,-14.502649,-1.1103717,5.327465,3.154233,20.55896,4.93011,1.665457,-2.9084365,0.15032807,-0.8856987,0.09862061,0.22689599,-0.04222659,-0.4522216,-1.7513187,-0.0136027625,1.4140393,-0.020596227,0.6568557,-34.028984,0.012693394,-0.012693394,-0.06199177,0.06199177,0.017886773,-0.017886773
-0.28541705,-0.28541705,-7.2816043,-14.3221655,-1.1531304,5.319251,3.1142576,20.49272,4.966031,1.6548512,-2.901467,0.1163906,-0.88833416,0.08697885,0.22731814,-0.028460372,-0.4416432,-1.7966267,-0.016390042,1.3865609,-0.028045408,0.7125136,-33.92949,0.04309084,-0.04309084,-0.042771906,0.042771906,0.015285626,-0.015285626
-0.27144894,-0.27144894,-7.3970942,-14.012607,-1.3194678,5.306437,3.0886757,20.402658,5.014358,1.6458398,-2.905667,0.12150196,-0.8860735,0.10716305,0.2267443,-0.0381492,-0.42840385,-1.7806498,-0.011281794,1.3996785,-0.02038714,0.67729044,-33.859486,0.03506861,-0.03506861,-0.053736746,0.053736746,0.024898704,-0.024898704
